DIRECTORIO,SECUENCIA_ENCUESTA,SECUENCIA_P,ORDEN,cod_departamento,cod_municipio,region,FEX_C,cant_hog_completos,cant_hogares_vivienda,clase,tipo_vivienda
8369605,1,1,1,Caldas,Manizales,Central,"194,7939165",1,1,Cabecera,Casa
8369606,1,1,1,Caldas,Manizales,Central,"194,7939165",1,1,Cabecera,Casa
8369607,1,1,1,Caldas,Manizales,Central,"213,8264401",1,1,Cabecera,Casa
8369608,1,1,1,Caldas,Manizales,Central,"209,3746053",1,1,Cabecera,Apartamento
8369969,1,1,1,Caldas,Manizales,Central,"183,3071845",1,1,Cabecera,Casa
8369970,1,1,1,Caldas,Manizales,Central,"174,3918169",1,1,Cabecera,Casa
8369971,1,1,1,Caldas,Manizales,Central,"278,921256",1,1,Cabecera,Apartamento
8369972,1,1,1,Caldas,Manizales,Central,"213,8264401",1,1,Cabecera,Apartamento
8369973,1,1,1,Caldas,Manizales,Central,"173,267578",1,1,Cabecera,Apartamento
8369974,1,1,1,Caldas,Manizales,Central,"380,6102814",1,1,Cabecera,Casa
8369975,1,1,1,Caldas,Manizales,Central,"291,2055392",1,1,Cabecera,Apartamento
8369976,1,1,1,Caldas,Manizales,Central,"198,4182861",1,1,Cabecera,Casa
8369977,1,1,1,Caldas,Manizales,Central,"173,1657159",1,1,Cabecera,Casa
8369978,1,1,1,Caldas,Manizales,Central,"144,3666372",1,1,Cabecera,Apartamento
8369979,1,1,1,Caldas,Manizales,Central,"354,3087989",1,1,Cabecera,Apartamento
8369980,1,1,1,Caldas,Manizales,Central,"143,2835793",1,1,Cabecera,Apartamento
8369981,1,1,1,Caldas,Manizales,Central,"166,9207803",1,1,Cabecera,Apartamento
8369982,1,1,1,Caldas,Manizales,Central,"168,0038382",1,1,Cabecera,Apartamento
8369984,1,1,1,Caldas,Manizales,Central,"161,2205933",1,1,Cabecera,Casa
8369986,1,1,1,Caldas,Manizales,Central,"173,1657159",1,1,Cabecera,Casa
8369987,1,1,1,Caldas,Manizales,Central,"269,8471548",1,1,Cabecera,Casa
8369989,1,1,1,Caldas,Manizales,Central,"267,3740796",1,1,Cabecera,Casa
8369990,1,1,1,Caldas,Manizales,Central,"204,752293",1,1,Cabecera,Casa
8369991,1,1,1,Caldas,Manizales,Central,"203,6746494",1,1,Cabecera,Apartamento
8369992,1,1,1,Caldas,Manizales,Central,"227,6278565",1,1,Cabecera,Casa
8369993,1,1,1,Caldas,Manizales,Central,"424,3982318",1,1,Cabecera,Apartamento
8369995,1,1,1,Caldas,Manizales,Central,"338,678995",1,1,Cabecera,Casa
8369996,1,1,1,Caldas,Manizales,Central,"416,4324255",1,1,Cabecera,Casa
8369997,1,1,1,Caldas,Manizales,Central,"32,15670687",1,1,Centro poblado / Rural disperso,Casa
8369998,1,1,1,Caldas,Manizales,Central,"32,15670687",1,1,Centro poblado / Rural disperso,Casa
8369999,1,1,1,Caldas,Manizales,Central,"32,15670687",1,1,Centro poblado / Rural disperso,Casa
8370000,1,1,1,Caldas,Manizales,Central,"32,15670687",1,1,Centro poblado / Rural disperso,Casa
8370001,1,1,1,Caldas,Manizales,Central,"128,6268275",1,1,Centro poblado / Rural disperso,Casa
8370002,1,1,1,Caldas,Manizales,Central,"75,78038935",1,1,Centro poblado / Rural disperso,Casa
8370003,1,1,1,Caldas,Manizales,Central,"32,15670687",1,1,Centro poblado / Rural disperso,Casa
8370004,1,1,1,Caldas,Manizales,Central,"107,7284802",1,1,Centro poblado / Rural disperso,Casa
8370005,1,1,1,Caldas,Manizales,Central,"35,05662185",1,1,Centro poblado / Rural disperso,Casa
8370007,1,1,1,Caldas,Manizales,Central,"32,15670687",1,1,Centro poblado / Rural disperso,Casa
8370008,1,1,1,Caldas,Manizales,Central,"32,15670687",1,1,Centro poblado / Rural disperso,Casa
8370009,1,1,1,Caldas,Manizales,Central,"99,08471612",1,1,Centro poblado / Rural disperso,Casa
8370010,1,1,1,Caldas,Manizales,Central,"80,15611943",1,1,Centro poblado / Rural disperso,Casa
8370011,1,1,1,Caldas,Manizales,Central,"89,09078574",1,1,Centro poblado / Rural disperso,Casa
8370012,1,1,1,Caldas,Manizales,Central,"32,15670687",1,1,Centro poblado / Rural disperso,Casa
8370013,1,1,1,Caldas,Manizales,Central,"128,6268275",1,1,Centro poblado / Rural disperso,Casa
8370015,1,1,1,Caldas,Manizales,Central,"102,7344819",1,1,Centro poblado / Rural disperso,Casa
8370017,1,1,1,Caldas,Manizales,Central,"37,38236618",1,1,Centro poblado / Rural disperso,Casa
8370018,1,1,1,Caldas,Manizales,Central,"26,97802197",1,1,Centro poblado / Rural disperso,Apartamento
8370020,1,1,1,Caldas,Manizales,Central,"26,97802197",1,1,Centro poblado / Rural disperso,Apartamento
8370022,1,1,1,Caldas,Manizales,Central,"26,97802197",1,1,Centro poblado / Rural disperso,Apartamento
8370023,1,1,1,Caldas,Manizales,Central,"26,97802197",1,1,Centro poblado / Rural disperso,Apartamento
8370026,1,1,1,Caldas,Manizales,Central,"44,11045227",1,1,Centro poblado / Rural disperso,Apartamento
8370030,1,1,1,Caldas,Manizales,Central,"32,15670687",1,1,Centro poblado / Rural disperso,Casa
8370031,1,1,1,Caldas,Manizales,Central,"32,15670687",1,1,Centro poblado / Rural disperso,Casa
8370034,1,1,1,Caldas,Manizales,Central,"32,15670687",1,1,Centro poblado / Rural disperso,Casa
8370035,1,1,1,Caldas,Manizales,Central,"125,4614736",1,1,Centro poblado / Rural disperso,Apartamento
8370036,1,1,1,Caldas,Manizales,Central,"32,15670687",1,1,Centro poblado / Rural disperso,Casa
8370037,1,1,1,Caldas,Manizales,Central,"32,15670687",1,1,Centro poblado / Rural disperso,Casa
8370038,1,1,1,Caldas,Manizales,Central,"26,97802197",1,1,Centro poblado / Rural disperso,Apartamento
8371475,1,1,1,Caldas,Manizales,Central,"161,7851777",1,1,Cabecera,Casa
8371476,1,1,1,Caldas,Manizales,Central,"302,7195467",1,1,Cabecera,Casa
8371477,1,1,1,Caldas,Manizales,Central,"183,3071845",1,1,Cabecera,Casa
8371478,1,1,1,Caldas,Manizales,Central,"361,8342341",1,1,Cabecera,Casa
8371479,1,1,1,Caldas,Manizales,Central,"204,7946026",1,1,Cabecera,Casa
8371480,1,1,1,Caldas,Manizales,Central,"363,233226",1,1,Cabecera,Casa
8371481,1,1,1,Caldas,Manizales,Central,"196,3221145",1,1,Cabecera,Apartamento
8371482,1,1,1,Caldas,Manizales,Central,"218,5693711",1,1,Cabecera,Apartamento
8371483,1,1,1,Caldas,Manizales,Central,"354,3087989",1,1,Cabecera,Apartamento
8371484,1,1,1,Caldas,Manizales,Central,"166,9207803",1,1,Cabecera,Apartamento
8371485,1,1,1,Caldas,Manizales,Central,"455,9869361",1,1,Cabecera,Casa
8371486,1,1,1,Caldas,Manizales,Central,"186,4078",1,1,Cabecera,Casa
8371487,1,1,1,Caldas,Manizales,Central,"165,2573602",1,1,Cabecera,Apartamento
8371488,1,1,1,Caldas,Manizales,Central,"350,8215043",1,1,Cabecera,Apartamento
8371489,1,1,1,Caldas,Manizales,Central,"229,3121369",1,1,Cabecera,Casa
8371490,1,1,1,Caldas,Manizales,Central,"189,4636656",1,1,Cabecera,Casa
8371491,1,1,1,Caldas,Manizales,Central,"260,6431821",1,1,Cabecera,Casa
8371492,1,1,1,Caldas,Manizales,Central,"271,621235",1,1,Cabecera,Casa
8371493,1,1,1,Caldas,Manizales,Central,"295,2445341",1,1,Cabecera,Casa
8371494,1,1,1,Caldas,Manizales,Central,"173,1657159",1,1,Cabecera,Casa
8371495,1,1,1,Caldas,Manizales,Central,"163,6834806",1,1,Cabecera,Apartamento
8371496,1,1,1,Caldas,Manizales,Central,"190,692992",1,1,Cabecera,Casa
8371497,1,1,1,Caldas,Manizales,Central,"131,1887522",1,1,Cabecera,Casa
8371499,1,1,1,Caldas,Manizales,Central,"338,0497963",1,1,Cabecera,Apartamento
8371500,1,1,1,Caldas,Manizales,Central,"190,6860118",1,1,Cabecera,Apartamento
8371503,1,1,1,Caldas,Manizales,Central,"314,1675151",1,1,Cabecera,Casa
8371504,1,1,1,Caldas,Manizales,Central,"227,6789694",1,1,Cabecera,Casa
8371505,1,1,1,Caldas,Manizales,Central,"141,1629986",1,1,Cabecera,Apartamento
8371506,1,1,1,Caldas,Manizales,Central,"193,7686854",1,1,Cabecera,Casa
8371507,1,1,1,Caldas,Manizales,Central,"220,3257629",1,1,Cabecera,Casa
8371508,1,1,1,Caldas,Manizales,Central,"316,7342451",1,1,Cabecera,Apartamento
8371509,1,1,1,Caldas,Manizales,Central,"235,3222198",1,1,Cabecera,Apartamento
8371510,1,1,1,Caldas,Manizales,Central,"251,275872",1,1,Cabecera,Apartamento
8371511,1,1,1,Caldas,Manizales,Central,"357,9562546",1,1,Cabecera,Casa
8371512,1,1,1,Caldas,Manizales,Central,"181,0170921",1,1,Cabecera,Casa
8371514,1,1,1,Caldas,Manizales,Central,"231,081475",1,1,Cabecera,Casa
8371515,1,1,1,Caldas,Manizales,Central,"164,7811995",1,1,Cabecera,Casa
8371516,1,1,1,Caldas,Manizales,Central,"155,1806853",1,1,Cabecera,Casa
8371518,1,1,1,Caldas,Manizales,Central,"311,3486699",1,1,Cabecera,Casa
8371520,1,1,1,Caldas,Manizales,Central,"97,44958141",1,1,Centro poblado / Rural disperso,Casa
8371522,1,1,1,Caldas,Manizales,Central,"37,1528315",1,1,Centro poblado / Rural disperso,Apartamento
8371523,1,1,1,Caldas,Manizales,Central,"49,76889646",1,1,Centro poblado / Rural disperso,Apartamento
8371524,1,1,1,Caldas,Manizales,Central,"37,1528315",1,1,Centro poblado / Rural disperso,Apartamento
8371525,1,1,1,Caldas,Manizales,Central,"37,1528315",1,1,Centro poblado / Rural disperso,Apartamento
8371526,1,1,1,Caldas,Manizales,Central,"37,1528315",1,1,Centro poblado / Rural disperso,Casa
8371527,1,1,1,Caldas,Manizales,Central,"45,67471087",1,1,Centro poblado / Rural disperso,Casa
8371528,1,1,1,Caldas,Manizales,Central,"75,78038935",1,1,Centro poblado / Rural disperso,Casa
8371529,1,1,1,Caldas,Manizales,Central,"111,3870243",1,1,Centro poblado / Rural disperso,Casa
8371530,1,1,1,Caldas,Manizales,Central,"32,15670687",1,1,Centro poblado / Rural disperso,Casa
8371531,1,1,1,Caldas,Manizales,Central,"32,15670687",1,1,Centro poblado / Rural disperso,Casa
8371532,1,1,1,Caldas,Manizales,Central,"41,10190239",1,1,Centro poblado / Rural disperso,Casa
8371533,1,1,1,Caldas,Manizales,Central,"32,15670687",1,1,Centro poblado / Rural disperso,Casa
8371535,1,1,1,Caldas,Manizales,Central,"32,15670687",1,1,Centro poblado / Rural disperso,Casa
8371536,1,1,1,Caldas,Manizales,Central,"128,6268275",1,1,Centro poblado / Rural disperso,Casa
8371537,1,1,1,Caldas,Manizales,Central,"32,15670687",1,1,Centro poblado / Rural disperso,Casa
8371539,1,1,1,Caldas,Manizales,Central,"41,10190239",1,1,Centro poblado / Rural disperso,Casa
8371540,1,1,1,Caldas,Manizales,Central,"102,4523579",1,1,Centro poblado / Rural disperso,Casa
8371541,1,1,1,Caldas,Manizales,Central,"32,15670687",1,1,Centro poblado / Rural disperso,Casa
8371542,1,1,1,Caldas,Manizales,Central,"99,70887477",1,1,Centro poblado / Rural disperso,Casa
8371544,1,1,1,Caldas,Manizales,Central,"70,65447853",1,1,Centro poblado / Rural disperso,Casa
8371545,1,1,1,Caldas,Manizales,Central,"32,15670687",1,1,Centro poblado / Rural disperso,Casa
8371546,1,1,1,Caldas,Manizales,Central,"32,15670687",1,1,Centro poblado / Rural disperso,Apartamento
8371547,1,1,1,Caldas,Manizales,Central,"46,72599311",1,1,Centro poblado / Rural disperso,Casa
8371548,1,1,1,Caldas,Manizales,Central,"128,6268275",1,1,Centro poblado / Rural disperso,Casa
8371549,1,1,1,Caldas,Manizales,Central,"70,65447853",1,1,Centro poblado / Rural disperso,Casa
8371550,1,1,1,Caldas,Manizales,Central,"26,97802197",1,1,Centro poblado / Rural disperso,Casa
8371551,1,1,1,Caldas,Manizales,Central,"55,17635178",1,1,Centro poblado / Rural disperso,Casa
8371552,1,1,1,Caldas,Manizales,Central,"43,88678221",1,1,Centro poblado / Rural disperso,Casa
8371553,1,1,1,Caldas,Manizales,Central,"43,88678221",1,1,Centro poblado / Rural disperso,Casa
8371554,1,1,1,Caldas,Manizales,Central,"43,88678221",1,1,Centro poblado / Rural disperso,Casa
8371555,1,1,1,Caldas,Manizales,Central,"43,88678221",1,1,Centro poblado / Rural disperso,Casa
8371556,1,1,1,Caldas,Manizales,Central,"128,6268275",1,1,Centro poblado / Rural disperso,Casa
8371557,1,1,1,Caldas,Manizales,Central,"32,15670687",1,1,Centro poblado / Rural disperso,Casa
8371558,1,1,1,Caldas,Manizales,Central,"32,15670687",1,1,Centro poblado / Rural disperso,Casa
8371559,1,1,1,Caldas,Manizales,Central,"43,88678221",1,1,Centro poblado / Rural disperso,Casa
8371560,1,1,1,Caldas,Manizales,Central,"32,15670687",1,1,Centro poblado / Rural disperso,Casa
8371561,1,1,1,Caldas,Manizales,Central,"32,15670687",1,1,Centro poblado / Rural disperso,Casa
8371562,1,1,1,Caldas,Manizales,Central,"43,88678221",1,1,Centro poblado / Rural disperso,Apartamento
8371563,1,1,1,Caldas,Manizales,Central,"43,88678221",1,1,Centro poblado / Rural disperso,Casa
8371564,1,1,1,Caldas,Manizales,Central,"43,88678221",1,1,Centro poblado / Rural disperso,Casa
8371565,1,1,1,Caldas,Manizales,Central,"75,78038935",1,1,Centro poblado / Rural disperso,Casa
8371566,1,1,1,Caldas,Manizales,Central,"147,705419",1,1,Centro poblado / Rural disperso,Casa
8371568,1,1,1,Caldas,Manizales,Central,"32,15670687",1,1,Centro poblado / Rural disperso,Casa
8371569,1,1,1,Caldas,Manizales,Central,"37,7913268",1,1,Centro poblado / Rural disperso,Casa
8371570,1,1,1,Caldas,Manizales,Central,"41,10190239",1,1,Centro poblado / Rural disperso,Casa
8371571,1,1,1,Caldas,Manizales,Central,"41,10190239",1,1,Centro poblado / Rural disperso,Casa
8371572,1,1,1,Caldas,Manizales,Central,"43,88678221",1,1,Centro poblado / Rural disperso,Casa
8371573,1,1,1,Caldas,Manizales,Central,"32,15670687",1,1,Centro poblado / Rural disperso,Casa
8371574,1,1,1,Caldas,Manizales,Central,"35,05662185",1,1,Centro poblado / Rural disperso,Casa
8371575,1,1,1,Caldas,Manizales,Central,"128,6268275",1,1,Centro poblado / Rural disperso,Casa
8371576,1,1,1,Caldas,Manizales,Central,"97,44958141",1,1,Centro poblado / Rural disperso,Casa
8371577,1,1,1,Caldas,Manizales,Central,"34,52426867",1,1,Centro poblado / Rural disperso,Apartamento
8371578,1,1,1,Caldas,Manizales,Central,"123,6677314",1,1,Centro poblado / Rural disperso,Apartamento
8371579,1,1,1,Caldas,Manizales,Central,"32,15670687",1,1,Centro poblado / Rural disperso,Casa
8371580,1,1,1,Caldas,Manizales,Central,"32,15670687",1,1,Centro poblado / Rural disperso,Casa
8371581,1,1,1,Caldas,Manizales,Central,"32,15670687",1,1,Centro poblado / Rural disperso,Casa
8371582,1,1,1,Caldas,Manizales,Central,"32,15670687",1,1,Centro poblado / Rural disperso,Casa
8371583,1,1,1,Caldas,Manizales,Central,"37,63769208",1,1,Centro poblado / Rural disperso,Casa
8371584,1,1,1,Caldas,Manizales,Central,"37,1528315",1,1,Centro poblado / Rural disperso,Apartamento
8371585,1,1,1,Caldas,Manizales,Central,"34,52426867",1,1,Centro poblado / Rural disperso,Cuarto(s)
8371586,1,1,1,Caldas,Manizales,Central,"35,05662185",1,1,Centro poblado / Rural disperso,Casa
8371587,1,1,1,Caldas,Manizales,Central,"128,6268275",1,1,Centro poblado / Rural disperso,Casa
8371588,1,1,1,Caldas,Manizales,Central,"32,15670687",1,1,Centro poblado / Rural disperso,Casa
8371589,1,1,1,Caldas,Manizales,Central,"37,63769208",1,1,Centro poblado / Rural disperso,Apartamento
8371590,1,1,1,Caldas,Manizales,Central,"34,52426867",1,1,Centro poblado / Rural disperso,Cuarto(s)
8371592,1,1,1,Caldas,Manizales,Central,"32,15670687",1,1,Centro poblado / Rural disperso,Casa
8371595,1,1,1,Caldas,Manizales,Central,"37,1528315",1,1,Centro poblado / Rural disperso,Apartamento
8371596,1,1,1,Caldas,Manizales,Central,"37,1528315",1,1,Centro poblado / Rural disperso,Apartamento
8371597,1,1,1,Caldas,Villamaría,Central,"47,31195774",1,1,Centro poblado / Rural disperso,Casa
8371598,1,1,1,Caldas,Villamaría,Central,"96,29709387",1,1,Centro poblado / Rural disperso,Casa
8371599,1,1,1,Caldas,Villamaría,Central,"24,07427347",1,1,Centro poblado / Rural disperso,Casa
8371600,1,1,1,Caldas,Villamaría,Central,"24,07427347",1,1,Centro poblado / Rural disperso,Casa
8371601,1,1,1,Caldas,Villamaría,Central,"34,98163977",1,1,Centro poblado / Rural disperso,Casa
8371602,1,1,1,Caldas,Villamaría,Central,"24,07427347",1,1,Centro poblado / Rural disperso,Casa
8371603,1,1,1,Caldas,Villamaría,Central,"24,07427347",1,1,Centro poblado / Rural disperso,Casa
8371605,1,1,1,Caldas,Villamaría,Central,"24,07427347",1,1,Centro poblado / Rural disperso,Casa
8371606,1,1,1,Caldas,Villamaría,Central,"24,07427347",1,1,Centro poblado / Rural disperso,Casa
8375779,1,1,1,Caldas,Manizales,Central,"155,1806853",1,1,Cabecera,Casa
8375780,1,1,1,Caldas,Manizales,Central,"264,5125317",1,1,Cabecera,Apartamento
8375781,1,1,1,Caldas,Manizales,Central,"177,6212949",1,1,Cabecera,Casa
8375782,1,1,1,Caldas,Manizales,Central,"308,5518616",1,1,Cabecera,Apartamento
8375783,1,1,1,Caldas,Manizales,Central,"150,3485862",1,1,Cabecera,Cuarto(s)
8375784,1,1,1,Caldas,Manizales,Central,"281,0880682",1,1,Cabecera,Apartamento
8375785,1,1,1,Caldas,Manizales,Central,"185,0913443",1,1,Cabecera,Apartamento
8375786,1,1,1,Caldas,Manizales,Central,"187,0189731",1,1,Cabecera,Apartamento
8375788,1,1,1,Caldas,Manizales,Central,"138,4483255",1,1,Cabecera,Apartamento
8375789,1,1,1,Caldas,Marmato,Central,"68,04841382",1,1,Centro poblado / Rural disperso,Casa
8375790,1,1,1,Caldas,Marmato,Central,"85,31705742",1,1,Centro poblado / Rural disperso,Casa
8375791,1,1,1,Caldas,Marmato,Central,"44,45113341",1,1,Centro poblado / Rural disperso,Casa
8375792,1,1,1,Caldas,Marmato,Central,"44,45113341",1,1,Centro poblado / Rural disperso,Casa
8375793,1,1,1,Caldas,Marmato,Central,"68,04841382",1,1,Centro poblado / Rural disperso,Casa
8375795,1,1,1,Caldas,Marmato,Central,"104,7533944",1,1,Centro poblado / Rural disperso,Casa
8375806,1,1,1,Caldas,Villamaría,Central,"21,4172776",1,1,Centro poblado / Rural disperso,Casa
8375807,1,1,1,Caldas,Villamaría,Central,"85,6691104",1,1,Centro poblado / Rural disperso,Casa
8375808,1,1,1,Caldas,Villamaría,Central,"21,4172776",1,1,Centro poblado / Rural disperso,Casa
8375809,1,1,1,Caldas,Villamaría,Central,"21,4172776",1,1,Centro poblado / Rural disperso,Casa
8375810,1,1,1,Caldas,Villamaría,Central,"21,4172776",1,1,Centro poblado / Rural disperso,Casa
8375811,1,1,1,Caldas,Villamaría,Central,"41,10714312",1,1,Centro poblado / Rural disperso,Casa
8375812,1,1,1,Caldas,Villamaría,Central,"21,4172776",1,1,Centro poblado / Rural disperso,Casa
8375813,1,1,1,Caldas,Villamaría,Central,"70,85492226",1,1,Centro poblado / Rural disperso,Casa
8375814,1,1,1,Caldas,Villamaría,Central,"50,47188575",1,1,Centro poblado / Rural disperso,Casa
8376865,1,1,1,Caldas,Manizales,Central,"146,9920584",1,1,Cabecera,Casa
8376866,1,1,1,Caldas,Manizales,Central,"159,0602024",1,1,Cabecera,Apartamento
8376868,1,1,1,Caldas,Manizales,Central,"247,5313942",1,1,Cabecera,Apartamento
8376870,1,1,1,Caldas,Manizales,Central,"669,6193522",1,1,Cabecera,Apartamento
8376871,1,1,1,Caldas,Manizales,Central,"339,4070478",1,1,Cabecera,Apartamento
8376872,1,1,1,Caldas,Manizales,Central,"289,646025",1,1,Cabecera,Casa
8376873,1,1,1,Caldas,Manizales,Central,"196,7349526",1,1,Cabecera,Casa
8376874,1,1,1,Caldas,Manizales,Central,"484,8365974",1,1,Cabecera,Apartamento
8376875,1,1,1,Caldas,Manizales,Central,"167,4048381",1,1,Cabecera,Cuarto(s)
8376876,1,1,1,Caldas,Marmato,Central,"47,63388968",1,1,Centro poblado / Rural disperso,Casa
8376877,1,1,1,Caldas,Marmato,Central,"31,11579338",1,1,Centro poblado / Rural disperso,Casa
8376878,1,1,1,Caldas,Marmato,Central,"91,40115778",1,1,Centro poblado / Rural disperso,Casa
8376879,1,1,1,Caldas,Marmato,Central,"31,11579338",1,1,Centro poblado / Rural disperso,Apartamento
8376880,1,1,1,Caldas,Marmato,Central,"33,92183803",1,1,Centro poblado / Rural disperso,Casa
8376881,1,1,1,Caldas,Marmato,Central,"31,11579338",1,1,Centro poblado / Rural disperso,Casa
8376882,1,1,1,Caldas,Manizales,Central,"52,85178446",1,1,Centro poblado / Rural disperso,Cuarto(s)
8376883,1,1,1,Caldas,Villamaría,Central,"68,18586161",1,1,Centro poblado / Rural disperso,Casa
8376884,1,1,1,Caldas,Villamaría,Central,"28,00949125",1,1,Centro poblado / Rural disperso,Casa
8376885,1,1,1,Caldas,Villamaría,Central,"112,037965",1,1,Centro poblado / Rural disperso,Casa
8376886,1,1,1,Caldas,Villamaría,Central,"28,00949125",1,1,Centro poblado / Rural disperso,Casa
8376887,1,1,1,Caldas,Villamaría,Central,"28,00949125",1,1,Centro poblado / Rural disperso,Casa
8376889,1,1,1,Caldas,Villamaría,Central,"62,82801522",1,1,Centro poblado / Rural disperso,Casa
8376890,1,1,1,Caldas,Villamaría,Central,"28,00949125",1,1,Centro poblado / Rural disperso,Casa
8376891,1,1,1,Caldas,Villamaría,Central,"32,91742035",1,1,Centro poblado / Rural disperso,Casa
8376892,1,1,1,Caldas,Villamaría,Central,"28,00949125",1,1,Centro poblado / Rural disperso,Casa
8377426,1,1,1,Caldas,Manizales,Central,"266,6403263",1,1,Cabecera,Apartamento
8377428,1,1,1,Caldas,Manizales,Central,"533,9535021",1,1,Cabecera,Apartamento
8377430,1,1,1,Caldas,Manizales,Central,"664,4090954",1,1,Cabecera,Apartamento
8377431,1,1,1,Caldas,Manizales,Central,"167,4048381",1,1,Cabecera,Apartamento
8377432,1,1,1,Caldas,Manizales,Central,"227,601313",1,1,Cabecera,Casa
8377434,1,1,1,Caldas,Manizales,Central,"229,189918",1,1,Cabecera,Cuarto(s)
8377435,1,1,1,Caldas,Manizales,Central,"169,6670656",1,1,Cabecera,Cuarto(s)
8377436,1,1,1,Caldas,Manizales,Central,"269,5593038",1,1,Cabecera,Casa
8377437,1,1,1,Caldas,Samaná,Central,"44,86270168",1,1,Centro poblado / Rural disperso,Casa
8377438,1,1,1,Caldas,Samaná,Central,"114,5824303",1,1,Centro poblado / Rural disperso,Casa
8377440,1,1,1,Caldas,Samaná,Central,"44,86270168",1,1,Centro poblado / Rural disperso,Casa
8377441,1,1,1,Caldas,Samaná,Central,"109,21305",1,1,Centro poblado / Rural disperso,Casa
8377442,1,1,1,Caldas,Samaná,Central,"44,86270168",1,1,Centro poblado / Rural disperso,Casa
8377444,1,1,1,Caldas,Samaná,Central,"89,44303564",1,1,Centro poblado / Rural disperso,Casa
8377446,1,1,1,Caldas,Samaná,Central,"44,86270168",1,1,Centro poblado / Rural disperso,Casa
8379908,1,1,1,Caldas,Manizales,Central,"186,4078",1,1,Cabecera,Casa
8379910,1,1,1,Caldas,Manizales,Central,"250,0253651",1,1,Cabecera,Apartamento
8379911,1,1,1,Caldas,Manizales,Central,"236,0819431",1,1,Cabecera,Apartamento
8379912,1,1,1,Caldas,Manizales,Central,"307,0296383",1,1,Cabecera,Apartamento
8379913,1,1,1,Caldas,Manizales,Central,"583,778756",1,1,Cabecera,Apartamento
8379914,1,1,1,Caldas,Manizales,Central,"501,9080716",1,1,Cabecera,Apartamento
8379915,1,1,1,Caldas,Manizales,Central,"147,6332841",1,1,Cabecera,Casa
8379916,1,1,1,Caldas,Manizales,Central,"308,5518616",1,1,Cabecera,Apartamento
8379917,1,1,1,Caldas,Marmato,Central,"31,11579338",1,1,Centro poblado / Rural disperso,Apartamento
8379918,1,1,1,Caldas,Marmato,Central,"31,11579338",1,1,Centro poblado / Rural disperso,Apartamento
8379919,1,1,1,Caldas,Marmato,Central,"31,11579338",1,1,Centro poblado / Rural disperso,Casa
8379920,1,1,1,Caldas,Marmato,Central,"65,44178639",1,1,Centro poblado / Rural disperso,Casa
8379921,1,1,1,Caldas,Marmato,Central,"83,48977722",1,1,Centro poblado / Rural disperso,Casa
8379922,1,1,1,Caldas,Marmato,Central,"42,74841122",1,1,Centro poblado / Rural disperso,Casa
8379923,1,1,1,Caldas,Marmato,Central,"65,44178639",1,1,Centro poblado / Rural disperso,Casa
8379924,1,1,1,Caldas,Marmato,Central,"140,0273026",1,1,Centro poblado / Rural disperso,Casa
8379925,1,1,1,Caldas,Marmato,Central,"170,9936449",1,1,Centro poblado / Rural disperso,Casa
8379926,1,1,1,Caldas,Marmato,Central,"57,26457892",1,1,Centro poblado / Rural disperso,Casa
8379927,1,1,1,Caldas,Marmato,Central,"42,74841122",1,1,Centro poblado / Rural disperso,Casa
8379928,1,1,1,Caldas,Marmato,Central,"42,74841122",1,1,Centro poblado / Rural disperso,Casa
8379929,1,1,1,Caldas,Marmato,Central,"46,60349372",1,1,Centro poblado / Rural disperso,Casa
8379930,1,1,1,Caldas,Marmato,Central,"42,74841122",1,1,Centro poblado / Rural disperso,Casa
8379931,1,1,1,Caldas,Marmato,Central,"42,74841122",1,1,Centro poblado / Rural disperso,Casa
8379933,1,1,1,Caldas,Marmato,Central,"42,74841122",1,1,Centro poblado / Rural disperso,Casa
8379934,1,1,1,Caldas,Marmato,Central,"62,11649644",1,1,Centro poblado / Rural disperso,Casa
8379935,1,1,1,Caldas,Marmato,Central,"57,26457892",1,1,Centro poblado / Rural disperso,Casa
8379936,1,1,1,Caldas,Marmato,Central,"42,74841122",1,1,Centro poblado / Rural disperso,Casa
8379938,1,1,1,Caldas,Marmato,Central,"42,74841122",1,1,Centro poblado / Rural disperso,Casa
8379939,1,1,1,Caldas,Marmato,Central,"42,74841122",1,1,Centro poblado / Rural disperso,Casa
8379940,1,1,1,Caldas,Marmato,Central,"31,11579338",1,1,Centro poblado / Rural disperso,Casa
8379941,1,1,1,Caldas,Marmato,Central,"135,1753851",1,1,Centro poblado / Rural disperso,Apartamento
8379942,1,1,1,Caldas,Marmato,Central,"42,74841122",1,1,Centro poblado / Rural disperso,Apartamento
8379943,1,1,1,Caldas,Marmato,Central,"142,6903233",1,1,Centro poblado / Rural disperso,Casa
8379944,1,1,1,Caldas,Marmato,Central,"42,74841122",1,1,Centro poblado / Rural disperso,Casa
8379945,1,1,1,Caldas,Marmato,Central,"131,7210188",1,1,Centro poblado / Rural disperso,Casa
8379946,1,1,1,Caldas,Marmato,Central,"136,5729363",1,1,Centro poblado / Rural disperso,Casa
8379947,1,1,1,Caldas,Marmato,Central,"42,74841122",1,1,Centro poblado / Rural disperso,Casa
8379948,1,1,1,Caldas,Marmato,Central,"42,74841122",1,1,Centro poblado / Rural disperso,Casa
8379949,1,1,1,Caldas,Marmato,Central,"84,15204651",1,1,Centro poblado / Rural disperso,Casa
8379950,1,1,1,Caldas,Marmato,Central,"42,74841122",1,1,Centro poblado / Rural disperso,Casa
8379951,1,1,1,Caldas,Marmato,Central,"31,11579338",1,1,Centro poblado / Rural disperso,Apartamento
8379952,1,1,1,Caldas,Marmato,Central,"71,22981519",1,1,Centro poblado / Rural disperso,Casa
8379953,1,1,1,Caldas,Marmato,Central,"31,11579338",1,1,Centro poblado / Rural disperso,Apartamento
8379954,1,1,1,Caldas,Marmato,Central,"31,11579338",1,1,Centro poblado / Rural disperso,Apartamento
8379955,1,1,1,Caldas,Marmato,Central,"31,11579338",1,1,Centro poblado / Rural disperso,Casa
8379956,1,1,1,Caldas,Marmato,Central,"101,8293822",1,1,Centro poblado / Rural disperso,Casa
8379957,1,1,1,Caldas,Marmato,Central,"31,11579338",1,1,Centro poblado / Rural disperso,Apartamento
8379958,1,1,1,Caldas,Marmato,Central,"31,11579338",1,1,Centro poblado / Rural disperso,Casa
8379959,1,1,1,Caldas,Marmato,Central,"31,11579338",1,1,Centro poblado / Rural disperso,Casa
8379960,1,1,1,Caldas,Marmato,Central,"104,3437527",1,1,Centro poblado / Rural disperso,Apartamento
8379984,1,1,1,Caldas,Aguadas,Central,"141,453331",1,1,Centro poblado / Rural disperso,Casa
8379985,1,1,1,Caldas,Aguadas,Central,"40,8366534",1,1,Centro poblado / Rural disperso,Casa
8379987,1,1,1,Caldas,Aguadas,Central,"40,8366534",1,1,Centro poblado / Rural disperso,Casa
8379988,1,1,1,Caldas,Aguadas,Central,"108,9345599",1,1,Centro poblado / Rural disperso,Casa
8379989,1,1,1,Caldas,Aguadas,Central,"40,8366534",1,1,Centro poblado / Rural disperso,Cuarto(s)
8379990,1,1,1,Caldas,Aguadas,Central,"138,2767519",1,1,Centro poblado / Rural disperso,Apartamento
8379991,1,1,1,Caldas,Aguadas,Central,"40,8366534",1,1,Centro poblado / Rural disperso,Apartamento
8379992,1,1,1,Caldas,Aguadas,Central,"40,8366534",1,1,Centro poblado / Rural disperso,Casa
8379993,1,1,1,Caldas,Aguadas,Central,"40,8366534",1,1,Centro poblado / Rural disperso,Casa
8379994,1,1,1,Caldas,Aguadas,Central,"40,8366534",1,1,Centro poblado / Rural disperso,Casa
8379995,1,1,1,Caldas,Aguadas,Central,"44,88272642",1,1,Centro poblado / Rural disperso,Casa
8379996,1,1,1,Caldas,Aguadas,Central,"173,2428287",1,1,Centro poblado / Rural disperso,Casa
8379997,1,1,1,Caldas,Aguadas,Central,"44,88272642",1,1,Centro poblado / Rural disperso,Casa
8379998,1,1,1,Caldas,Aguadas,Central,"44,88272642",1,1,Centro poblado / Rural disperso,Casa
8379999,1,1,1,Caldas,Aguadas,Central,"44,88272642",1,1,Centro poblado / Rural disperso,Casa
8380000,1,1,1,Caldas,Aguadas,Central,"119,7277358",1,1,Centro poblado / Rural disperso,Casa
8380001,1,1,1,Caldas,Aguadas,Central,"44,88272642",1,1,Centro poblado / Rural disperso,Casa
8380002,1,1,1,Caldas,Aguadas,Central,"44,88272642",1,1,Centro poblado / Rural disperso,Casa
8380003,1,1,1,Caldas,Aguadas,Central,"47,65308674",1,1,Centro poblado / Rural disperso,Casa
8380004,1,1,1,Caldas,Aguadas,Central,"62,19219912",1,1,Centro poblado / Rural disperso,Casa
8380005,1,1,1,Caldas,Aguadas,Central,"44,88272642",1,1,Centro poblado / Rural disperso,Casa
8380006,1,1,1,Caldas,Aguadas,Central,"44,88272642",1,1,Centro poblado / Rural disperso,Casa
8380007,1,1,1,Caldas,Aguadas,Central,"44,88272642",1,1,Centro poblado / Rural disperso,Casa
8380008,1,1,1,Caldas,Aguadas,Central,"44,88272642",1,1,Centro poblado / Rural disperso,Casa
8380009,1,1,1,Caldas,Aguadas,Central,"44,88272642",1,1,Centro poblado / Rural disperso,Casa
8380010,1,1,1,Caldas,Aguadas,Central,"68,70912184",1,1,Centro poblado / Rural disperso,Casa
8380011,1,1,1,Caldas,Aguadas,Central,"44,88272642",1,1,Centro poblado / Rural disperso,Casa
8380012,1,1,1,Caldas,Aguadas,Central,"44,88272642",1,1,Centro poblado / Rural disperso,Casa
8380013,1,1,1,Caldas,Aguadas,Central,"44,88272642",1,1,Centro poblado / Rural disperso,Casa
8380014,1,1,1,Caldas,Aguadas,Central,"44,88272642",1,1,Centro poblado / Rural disperso,Casa
8380015,1,1,1,Caldas,Aguadas,Central,"48,930283",1,1,Centro poblado / Rural disperso,Casa
8380016,1,1,1,Caldas,Aguadas,Central,"44,88272642",1,1,Centro poblado / Rural disperso,Casa
8380017,1,1,1,Caldas,Aguadas,Central,"98,61599456",1,1,Centro poblado / Rural disperso,Casa
8380018,1,1,1,Caldas,Aguadas,Central,"44,88272642",1,1,Centro poblado / Rural disperso,Casa
8380019,1,1,1,Caldas,Aguadas,Central,"88,20576282",1,1,Centro poblado / Rural disperso,Casa
8380020,1,1,1,Caldas,Aguadas,Central,"100,6763241",1,1,Centro poblado / Rural disperso,Casa
8380022,1,1,1,Caldas,Aguadas,Central,"65,21780895",1,1,Centro poblado / Rural disperso,Casa
8380023,1,1,1,Caldas,Aguadas,Central,"98,61599456",1,1,Centro poblado / Rural disperso,Casa
8380026,1,1,1,Caldas,Samaná,Central,"40,81843384",1,1,Centro poblado / Rural disperso,Casa
8380027,1,1,1,Caldas,Samaná,Central,"141,3790779",1,1,Centro poblado / Rural disperso,Casa
8380028,1,1,1,Caldas,Samaná,Central,"40,81843384",1,1,Centro poblado / Rural disperso,Casa
8380029,1,1,1,Caldas,Samaná,Central,"40,81843384",1,1,Centro poblado / Rural disperso,Casa
8380030,1,1,1,Caldas,Samaná,Central,"73,87923209",1,1,Centro poblado / Rural disperso,Casa
8380032,1,1,1,Caldas,Samaná,Central,"57,97764589",1,1,Centro poblado / Rural disperso,Casa
8380033,1,1,1,Caldas,Samaná,Central,"40,81843384",1,1,Centro poblado / Rural disperso,Casa
8380034,1,1,1,Caldas,Samaná,Central,"40,81843384",1,1,Centro poblado / Rural disperso,Casa
8380035,1,1,1,Caldas,Samaná,Central,"40,81843384",1,1,Centro poblado / Rural disperso,Casa
8380037,1,1,1,Caldas,Samaná,Central,"183,6829523",1,1,Centro poblado / Rural disperso,Casa
8380038,1,1,1,Caldas,Samaná,Central,"45,92073807",1,1,Centro poblado / Rural disperso,Casa
8380040,1,1,1,Caldas,Samaná,Central,"45,92073807",1,1,Centro poblado / Rural disperso,Casa
8380041,1,1,1,Caldas,Samaná,Central,"113,6556765",1,1,Centro poblado / Rural disperso,Casa
8380043,1,1,1,Caldas,Samaná,Central,"45,92073807",1,1,Centro poblado / Rural disperso,Casa
8380044,1,1,1,Caldas,Pensilvania,Central,"53,51034005",1,1,Centro poblado / Rural disperso,Casa
8380045,1,1,1,Caldas,Pensilvania,Central,"53,51034005",1,1,Centro poblado / Rural disperso,Casa
8380046,1,1,1,Caldas,Pensilvania,Central,"53,51034005",1,1,Centro poblado / Rural disperso,Casa
8380047,1,1,1,Caldas,Pensilvania,Central,"53,51034005",1,1,Centro poblado / Rural disperso,Casa
8380048,1,1,1,Caldas,Pensilvania,Central,"53,51034005",1,1,Centro poblado / Rural disperso,Cuarto(s)
8380049,1,1,1,Caldas,Pensilvania,Central,"53,51034005",1,1,Centro poblado / Rural disperso,Apartamento
8380050,1,1,1,Caldas,Pensilvania,Central,"53,51034005",1,1,Centro poblado / Rural disperso,Apartamento
8380051,1,1,1,Caldas,Pensilvania,Central,"53,51034005",1,1,Centro poblado / Rural disperso,Casa
8380052,1,1,1,Caldas,Pensilvania,Central,"53,51034005",1,1,Centro poblado / Rural disperso,Casa
8380053,1,1,1,Caldas,Pensilvania,Central,"53,51034005",1,1,Centro poblado / Rural disperso,Casa
8382151,1,1,1,Caldas,Manizales,Central,"162,6342275",1,1,Cabecera,Casa
8382152,1,1,1,Caldas,Manizales,Central,"181,9688287",1,1,Cabecera,Casa
8382153,1,1,1,Caldas,Manizales,Central,"398,5829669",1,1,Cabecera,Apartamento
8382154,1,1,1,Caldas,Manizales,Central,"196,7349526",1,1,Cabecera,Apartamento
8382155,1,1,1,Caldas,Manizales,Central,"678,6682624",1,1,Cabecera,Apartamento
8382156,1,1,1,Caldas,Manizales,Central,"210,8547246",1,1,Cabecera,Apartamento
8382157,1,1,1,Caldas,Manizales,Central,"228,1081227",1,1,Cabecera,Apartamento
8382159,1,1,1,Caldas,Manizales,Central,"479,9666456",1,1,Cabecera,Casa
8382161,1,1,1,Caldas,Manizales,Central,"200,0446655",1,1,Cabecera,Casa
8382162,1,1,1,Caldas,Manizales,Central,"139,1269938",1,1,Cabecera,Casa
8382164,1,1,1,Caldas,Manizales,Central,"139,1269938",1,1,Cabecera,Casa
8382165,1,1,1,Caldas,Manizales,Central,"187,9357328",1,1,Cabecera,Casa
8382166,1,1,1,Caldas,Manizales,Central,"320,4433543",1,1,Cabecera,Apartamento
8382167,1,1,1,Caldas,Manizales,Central,"556,5079752",1,1,Cabecera,Apartamento
8382168,1,1,1,Caldas,Manizales,Central,"223,2544136",1,1,Cabecera,Casa
8382169,1,1,1,Caldas,Aguadas,Central,"44,5193322",1,1,Centro poblado / Rural disperso,Casa
8383043,1,1,1,Caldas,Manizales,Central,"416,0228777",1,1,Cabecera,Casa
8383044,1,1,1,Caldas,Manizales,Central,"212,7667099",1,1,Cabecera,Apartamento
8383045,1,1,1,Caldas,Manizales,Central,"133,9238705",1,1,Cabecera,Apartamento
8383046,1,1,1,Caldas,Manizales,Central,"341,6559299",1,1,Cabecera,Casa
8383047,1,1,1,Caldas,Manizales,Central,"429,8657296",1,1,Cabecera,Casa
8383048,1,1,1,Caldas,Manizales,Central,"144,7825626",1,1,Cabecera,Casa
8383051,1,1,1,Caldas,Manizales,Central,"151,5986249",1,1,Cabecera,Cuarto(s)
8383052,1,1,1,Caldas,Manizales,Central,"206,1114031",1,1,Cabecera,Casa
8383053,1,1,1,Caldas,Manizales,Central,"330,143976",1,1,Cabecera,Apartamento
8383054,1,1,1,Caldas,Manizales,Central,"32,15670687",1,1,Centro poblado / Rural disperso,Casa
8383055,1,1,1,Caldas,Manizales,Central,"128,6268275",1,1,Centro poblado / Rural disperso,Casa
8383056,1,1,1,Caldas,Manizales,Central,"32,15670687",1,1,Centro poblado / Rural disperso,Casa
8384541,1,1,1,Caldas,Manizales,Central,"201,78827",1,1,Cabecera,Casa
8384544,1,1,1,Caldas,Manizales,Central,"530,70796",1,1,Cabecera,Apartamento
8384545,1,1,1,Caldas,Manizales,Central,"372,5786777",1,1,Cabecera,Apartamento
8384546,1,1,1,Caldas,Manizales,Central,"249,2209449",1,1,Cabecera,Apartamento
8384547,1,1,1,Caldas,Manizales,Central,"105,8722489",1,1,Cabecera,Cuarto(s)
8384548,1,1,1,Caldas,Manizales,Central,"340,3241957",1,1,Cabecera,Apartamento
8384549,1,1,1,Caldas,Manizales,Central,"189,6518505",1,1,Cabecera,Apartamento
8384550,1,1,1,Caldas,Manizales,Central,"232,6925796",1,1,Cabecera,Apartamento
8384551,1,1,1,Caldas,Manizales,Central,"360,1269739",1,1,Cabecera,Apartamento
8384552,1,1,1,Caldas,Manizales,Central,"188,555165",1,1,Cabecera,Apartamento
8384553,1,1,1,Caldas,Manizales,Central,"275,0279016",1,1,Cabecera,Apartamento
8384554,1,1,1,Caldas,Manizales,Central,"333,1755273",1,1,Cabecera,Apartamento
8384555,1,1,1,Caldas,Manizales,Central,"222,8638532",1,1,Cabecera,Apartamento
8384556,1,1,1,Caldas,Manizales,Central,"250,6613264",1,1,Cabecera,Apartamento
8384557,1,1,1,Caldas,Supía,Central,"291,0913593",1,1,Cabecera,Casa
8384558,1,1,1,Caldas,Supía,Central,"87,83881219",1,1,Cabecera,Casa
8384559,1,1,1,Caldas,Supía,Central,"176,3506329",1,1,Cabecera,Casa
8384560,1,1,1,Caldas,Samaná,Central,"44,86270168",1,1,Centro poblado / Rural disperso,Casa
8384561,1,1,1,Caldas,Samaná,Central,"106,4183192",1,1,Centro poblado / Rural disperso,Casa
8384562,1,1,1,Caldas,Samaná,Central,"65,18871158",1,1,Centro poblado / Rural disperso,Casa
8384563,1,1,1,Caldas,Samaná,Central,"44,86270168",1,1,Centro poblado / Rural disperso,Casa
8384564,1,1,1,Caldas,Samaná,Central,"84,82436105",1,1,Centro poblado / Rural disperso,Casa
8384565,1,1,1,Caldas,Samaná,Central,"52,72371412",1,1,Centro poblado / Rural disperso,Casa
8384566,1,1,1,Caldas,Samaná,Central,"44,86270168",1,1,Centro poblado / Rural disperso,Casa
8384567,1,1,1,Caldas,Samaná,Central,"179,4508067",1,1,Centro poblado / Rural disperso,Casa
8384568,1,1,1,Caldas,Samaná,Central,"60,09682344",1,1,Centro poblado / Rural disperso,Casa
8384569,1,1,1,Caldas,Samaná,Central,"44,86270168",1,1,Centro poblado / Rural disperso,Casa
8384570,1,1,1,Caldas,Pensilvania,Central,"53,51034005",1,1,Centro poblado / Rural disperso,Casa
8384571,1,1,1,Caldas,Pensilvania,Central,"53,51034005",1,1,Centro poblado / Rural disperso,Casa
8384572,1,1,1,Caldas,Pensilvania,Central,"53,51034005",1,1,Centro poblado / Rural disperso,Casa
8384574,1,1,1,Caldas,Pensilvania,Central,"53,51034005",1,1,Centro poblado / Rural disperso,Casa
8384575,1,1,1,Caldas,Pensilvania,Central,"53,51034005",1,1,Centro poblado / Rural disperso,Casa
8384576,1,1,1,Caldas,Pensilvania,Central,"71,68095851",1,1,Centro poblado / Rural disperso,Casa
8384577,1,1,1,Caldas,Pensilvania,Central,"53,51034005",1,1,Centro poblado / Rural disperso,Casa
8384578,1,1,1,Caldas,Pensilvania,Central,"74,14713831",1,1,Centro poblado / Rural disperso,Casa
8384579,1,1,1,Caldas,Pensilvania,Central,"53,51034005",1,1,Centro poblado / Rural disperso,Casa
8385694,1,1,1,Caldas,Manizales,Central,"316,3610839",1,1,Cabecera,Apartamento
8385695,1,1,1,Caldas,Manizales,Central,"222,2580416",1,1,Cabecera,Casa
8385696,1,1,1,Caldas,Manizales,Central,"183,2548588",1,1,Cabecera,Apartamento
8385697,1,1,1,Caldas,Manizales,Central,"105,8722489",1,1,Cabecera,Apartamento
8385698,1,1,1,Caldas,Manizales,Central,"194,2273115",1,1,Cabecera,Apartamento
8385699,1,1,1,Caldas,Manizales,Central,"105,8722489",1,1,Cabecera,Cuarto(s)
8385700,1,1,1,Caldas,Manizales,Central,"105,8722489",1,1,Cabecera,Cuarto(s)
8385701,1,1,1,Caldas,Manizales,Central,"252,7186676",1,1,Cabecera,Casa
8385702,1,1,1,Caldas,Manizales,Central,"358,6520999",1,1,Cabecera,Casa
8385703,1,1,1,Caldas,Manizales,Central,"281,71739",1,1,Cabecera,Cuarto(s)
8385704,1,1,1,Caldas,Manizales,Central,"216,6483593",1,1,Cabecera,Cuarto(s)
8385705,1,1,1,Caldas,Manizales,Central,"180,907242",1,1,Cabecera,Apartamento
8385706,1,1,1,Caldas,Manizales,Central,"133,9238705",1,1,Cabecera,Apartamento
8385707,1,1,1,Caldas,Manizales,Central,"264,5125317",1,1,Cabecera,Apartamento
8385708,1,1,1,Caldas,Manizales,Central,"264,6366247",1,1,Cabecera,Apartamento
8385709,1,1,1,Caldas,Manizales,Central,"150,8119437",1,1,Cabecera,Cuarto(s)
8385710,1,1,1,Caldas,Manizales,Central,"147,3679656",1,1,Cabecera,Cuarto(s)
8385711,1,1,1,Caldas,Manizales,Central,"200,2256443",1,1,Cabecera,Casa
8385712,1,1,1,Caldas,Manizales,Central,"150,8119437",1,1,Cabecera,Cuarto(s)
8385713,1,1,1,Caldas,Manizales,Central,"290,0106189",1,1,Cabecera,Cuarto(s)
8385714,1,1,1,Caldas,Marmato,Central,"42,74841122",1,1,Centro poblado / Rural disperso,Casa
8385715,1,1,1,Caldas,Supía,Central,"45,18209301",1,1,Centro poblado / Rural disperso,Casa
8385716,1,1,1,Caldas,Supía,Central,"45,18209301",1,1,Centro poblado / Rural disperso,Casa
8385717,1,1,1,Caldas,Supía,Central,"45,18209301",1,1,Centro poblado / Rural disperso,Casa
8385719,1,1,1,Caldas,Supía,Central,"88,24287903",1,1,Centro poblado / Rural disperso,Casa
8385720,1,1,1,Caldas,Supía,Central,"180,728372",1,1,Centro poblado / Rural disperso,Casa
8385721,1,1,1,Caldas,Supía,Central,"45,18209301",1,1,Centro poblado / Rural disperso,Casa
8385732,1,1,1,Caldas,Palestina,Central,"149,7168367",1,1,Cabecera,Apartamento
8385733,1,1,1,Caldas,Palestina,Central,"285,7936906",1,1,Cabecera,Apartamento
8385734,1,1,1,Caldas,Palestina,Central,"407,4164879",1,1,Cabecera,Casa
8385735,1,1,1,Caldas,Palestina,Central,"149,7168367",1,1,Cabecera,Casa
8385736,1,1,1,Caldas,Palestina,Central,"385,4188364",1,1,Cabecera,Apartamento
8385737,1,1,1,Caldas,Palestina,Central,"149,7168367",1,1,Cabecera,Apartamento
8385738,1,1,1,Caldas,Palestina,Central,"248,708993",1,1,Cabecera,Casa
8385739,1,1,1,Caldas,Aguadas,Central,"63,75048168",1,1,Centro poblado / Rural disperso,Casa
8385740,1,1,1,Caldas,Aguadas,Central,"44,88272642",1,1,Centro poblado / Rural disperso,Casa
8385741,1,1,1,Caldas,Aguadas,Central,"72,18818252",1,1,Centro poblado / Rural disperso,Casa
8385742,1,1,1,Caldas,Aguadas,Central,"44,88272642",1,1,Centro poblado / Rural disperso,Casa
8385743,1,1,1,Caldas,Aguadas,Central,"84,86222292",1,1,Centro poblado / Rural disperso,Casa
8385744,1,1,1,Caldas,Aguadas,Central,"79,76806199",1,1,Centro poblado / Rural disperso,Casa
8385745,1,1,1,Caldas,Aguadas,Central,"87,92467652",1,1,Centro poblado / Rural disperso,Casa
8385746,1,1,1,Caldas,Aguadas,Central,"44,88272642",1,1,Centro poblado / Rural disperso,Casa
8385747,1,1,1,Caldas,Aguadas,Central,"98,61599456",1,1,Centro poblado / Rural disperso,Casa
8385748,1,1,1,Caldas,Aguadas,Central,"163,0360761",1,1,Centro poblado / Rural disperso,Casa
8385749,1,1,1,Caldas,Manizales,Central,"58,72902228",1,1,Centro poblado / Rural disperso,Casa
8385750,1,1,1,Caldas,Samaná,Central,"44,86270168",1,1,Centro poblado / Rural disperso,Casa
8385751,1,1,1,Caldas,Samaná,Central,"84,82436105",1,1,Centro poblado / Rural disperso,Casa
8385752,1,1,1,Caldas,Samaná,Central,"60,09682344",1,1,Centro poblado / Rural disperso,Casa
8385754,1,1,1,Caldas,Samaná,Central,"44,86270168",1,1,Centro poblado / Rural disperso,Casa
8385755,1,1,1,Caldas,Samaná,Central,"44,86270168",1,1,Centro poblado / Rural disperso,Casa
8385758,1,1,1,Caldas,Pensilvania,Central,"124,4352085",1,1,Centro poblado / Rural disperso,Apartamento
8385759,1,1,1,Caldas,Pensilvania,Central,"38,94920624",1,1,Centro poblado / Rural disperso,Casa
8385760,1,1,1,Caldas,Pensilvania,Central,"38,94920624",1,1,Centro poblado / Rural disperso,Apartamento
8388824,1,1,1,Caldas,Manizales,Central,"187,6172986",1,1,Cabecera,Casa
8388825,1,1,1,Caldas,Manizales,Central,"186,4078",1,1,Cabecera,Casa
8388826,1,1,1,Caldas,Manizales,Central,"261,8725085",1,1,Cabecera,Casa
8388827,1,1,1,Caldas,Manizales,Central,"192,5195312",1,1,Cabecera,Casa
8388828,1,1,1,Caldas,Manizales,Central,"188,8267971",1,1,Cabecera,Casa
8388829,1,1,1,Caldas,Manizales,Central,"496,9663943",1,1,Cabecera,Casa
8388830,1,1,1,Caldas,Manizales,Central,"186,701762",1,1,Cabecera,Casa
8388833,1,1,1,Caldas,Manizales,Central,"159,0602024",1,1,Cabecera,Apartamento
8388834,1,1,1,Caldas,Manizales,Central,"111,301595",1,1,Cabecera,Apartamento
8388835,1,1,1,Caldas,Manizales,Central,"244,8863423",1,1,Cabecera,Apartamento
8388836,1,1,1,Caldas,Manizales,Central,"167,4048381",1,1,Cabecera,Cuarto(s)
8388837,1,1,1,Caldas,Manizales,Central,"577,605095",1,1,Cabecera,Apartamento
8388838,1,1,1,Caldas,Manizales,Central,"260,2120699",1,1,Cabecera,Casa
8388839,1,1,1,Caldas,Manizales,Central,"342,9705156",1,1,Cabecera,Casa
8388840,1,1,1,Caldas,Manizales,Central,"272,3650274",1,1,Cabecera,Apartamento
8388841,1,1,1,Caldas,Manizales,Central,"280,3832103",1,1,Cabecera,Casa
8388842,1,1,1,Caldas,Manizales,Central,"268,7484225",1,1,Cabecera,Apartamento
8388843,1,1,1,Caldas,Manizales,Central,"245,8956259",1,1,Cabecera,Casa
8388844,1,1,1,Caldas,Manizales,Central,"415,1315599",1,1,Cabecera,Casa
8388845,1,1,1,Caldas,Manizales,Central,"148,1661201",1,1,Cabecera,Casa
8388846,1,1,1,Caldas,Manizales,Central,"324,6486608",1,1,Cabecera,Apartamento
8388847,1,1,1,Caldas,Manizales,Central,"105,8722489",1,1,Cabecera,Cuarto(s)
8388848,1,1,1,Caldas,Manizales,Central,"105,8722489",1,1,Cabecera,Cuarto(s)
8388849,1,1,1,Caldas,Manizales,Central,"191,2117815",1,1,Cabecera,Casa
8388850,1,1,1,Caldas,Manizales,Central,"252,7186676",1,1,Cabecera,Cuarto(s)
8388851,1,1,1,Caldas,Manizales,Central,"260,4900528",1,1,Cabecera,Apartamento
8388852,1,1,1,Caldas,Manizales,Central,"248,4679555",1,1,Cabecera,Apartamento
8388853,1,1,1,Caldas,Manizales,Central,"245,8956259",1,1,Cabecera,Cuarto(s)
8388854,1,1,1,Caldas,Manizales,Central,"150,8119437",1,1,Cabecera,Cuarto(s)
8388855,1,1,1,Caldas,Manizales,Central,"194,536349",1,1,Cabecera,Apartamento
8388856,1,1,1,Caldas,Manizales,Central,"172,1700013",1,1,Cabecera,Cuarto(s)
8388857,1,1,1,Caldas,Marmato,Central,"139,8982263",1,1,Centro poblado / Rural disperso,Casa
8388858,1,1,1,Caldas,Supía,Central,"145,9669977",1,1,Cabecera,Casa
8388859,1,1,1,Caldas,Supía,Central,"287,3076267",1,1,Cabecera,Casa
8388860,1,1,1,Caldas,Supía,Central,"87,83881219",1,1,Cabecera,Casa
8388861,1,1,1,Caldas,Supía,Central,"251,9997643",1,1,Cabecera,Casa
8388862,1,1,1,Caldas,Supía,Central,"255,4358567",1,1,Cabecera,Casa
8388863,1,1,1,Caldas,Supía,Central,"132,9983347",1,1,Cabecera,Apartamento
8388865,1,1,1,Caldas,Supía,Central,"45,18209301",1,1,Centro poblado / Rural disperso,Casa
8388866,1,1,1,Caldas,Supía,Central,"45,18209301",1,1,Centro poblado / Rural disperso,Casa
8388867,1,1,1,Caldas,Supía,Central,"49,25664668",1,1,Centro poblado / Rural disperso,Casa
8388868,1,1,1,Caldas,Supía,Central,"187,1945564",1,1,Cabecera,Casa
8388869,1,1,1,Caldas,Supía,Central,"258,2548305",1,1,Cabecera,Casa
8388870,1,1,1,Caldas,Supía,Central,"82,51524782",1,1,Cabecera,Casa
8388871,1,1,1,Caldas,Supía,Central,"217,211641",1,1,Cabecera,Casa
8388872,1,1,1,Caldas,Supía,Central,"82,51524782",1,1,Cabecera,Apartamento
8388873,1,1,1,Caldas,Supía,Central,"82,51524782",1,1,Cabecera,Casa
8388874,1,1,1,Caldas,Supía,Central,"197,2259084",1,1,Cabecera,Apartamento
8388875,1,1,1,Caldas,Supía,Central,"82,51524782",1,1,Cabecera,Casa
8388876,1,1,1,Caldas,Supía,Central,"124,9378296",1,1,Cabecera,Casa
8388877,1,1,1,Caldas,Supía,Central,"124,9378296",1,1,Cabecera,Apartamento
8388878,1,1,1,Caldas,Supía,Central,"147,6934135",1,1,Cabecera,Casa
8388879,1,1,1,Caldas,Supía,Central,"62,60701943",1,1,Centro poblado / Rural disperso,Casa
8388880,1,1,1,Caldas,Supía,Central,"86,72002103",1,1,Centro poblado / Rural disperso,Casa
8388881,1,1,1,Caldas,Supía,Central,"180,728372",1,1,Centro poblado / Rural disperso,Casa
8388882,1,1,1,Caldas,Supía,Central,"156,2213391",1,1,Centro poblado / Rural disperso,Casa
8388883,1,1,1,Caldas,Supía,Central,"90,41996584",1,1,Centro poblado / Rural disperso,Casa
8388884,1,1,1,Caldas,Supía,Central,"86,72002103",1,1,Centro poblado / Rural disperso,Casa
8388885,1,1,1,Caldas,Supía,Central,"45,18209301",1,1,Centro poblado / Rural disperso,Casa
8388886,1,1,1,Caldas,Supía,Central,"45,18209301",1,1,Centro poblado / Rural disperso,Casa
8388887,1,1,1,Caldas,Supía,Central,"86,72002103",1,1,Centro poblado / Rural disperso,Casa
8388888,1,1,1,Caldas,Supía,Central,"45,18209301",1,1,Centro poblado / Rural disperso,Casa
8388913,1,1,1,Caldas,Aguadas,Central,"163,3466136",1,1,Centro poblado / Rural disperso,Casa
8388914,1,1,1,Caldas,Aguadas,Central,"107,7035154",1,1,Centro poblado / Rural disperso,Casa
8388915,1,1,1,Caldas,Aguadas,Central,"44,88272642",1,1,Centro poblado / Rural disperso,Casa
8388916,1,1,1,Caldas,Palestina,Central,"30,69703309",1,1,Centro poblado / Rural disperso,Casa
8388917,1,1,1,Caldas,Palestina,Central,"42,53565116",1,1,Centro poblado / Rural disperso,Casa
8388918,1,1,1,Caldas,Palestina,Central,"30,69703309",1,1,Centro poblado / Rural disperso,Casa
8388919,1,1,1,Caldas,Palestina,Central,"30,69703309",1,1,Centro poblado / Rural disperso,Casa
8388920,1,1,1,Caldas,Palestina,Central,"67,44729407",1,1,Centro poblado / Rural disperso,Casa
8388921,1,1,1,Caldas,Palestina,Central,"30,69703309",1,1,Centro poblado / Rural disperso,Casa
8388922,1,1,1,Caldas,Palestina,Central,"46,99282674",1,1,Centro poblado / Rural disperso,Casa
8388923,1,1,1,Caldas,Palestina,Central,"30,69703309",1,1,Centro poblado / Rural disperso,Casa
8388924,1,1,1,Caldas,Palestina,Central,"30,69703309",1,1,Centro poblado / Rural disperso,Casa
8388925,1,1,1,Caldas,Palestina,Central,"30,69703309",1,1,Centro poblado / Rural disperso,Casa
8388926,1,1,1,Caldas,Palestina,Central,"672,7347225",1,1,Cabecera,Apartamento
8388927,1,1,1,Caldas,Palestina,Central,"525,4526852",1,1,Cabecera,Apartamento
8388928,1,1,1,Caldas,Palestina,Central,"199,622449",1,1,Cabecera,Apartamento
8388929,1,1,1,Caldas,Palestina,Central,"302,2519615",1,1,Cabecera,Casa
8388930,1,1,1,Caldas,Palestina,Central,"276,6738005",1,1,Cabecera,Apartamento
8388931,1,1,1,Caldas,Palestina,Central,"30,69703309",1,1,Centro poblado / Rural disperso,Casa
8388932,1,1,1,Caldas,Palestina,Central,"468,1858921",1,1,Cabecera,Apartamento
8388933,1,1,1,Caldas,Palestina,Central,"30,69703309",1,1,Centro poblado / Rural disperso,Casa
8388934,1,1,1,Caldas,Palestina,Central,"30,69703309",1,1,Centro poblado / Rural disperso,Casa
8388935,1,1,1,Caldas,Palestina,Central,"30,69703309",1,1,Centro poblado / Rural disperso,Casa
8388936,1,1,1,Caldas,Palestina,Central,"67,44729407",1,1,Centro poblado / Rural disperso,Casa
8388937,1,1,1,Caldas,Palestina,Central,"33,46531363",1,1,Centro poblado / Rural disperso,Casa
8388938,1,1,1,Caldas,Palestina,Central,"67,44729407",1,1,Centro poblado / Rural disperso,Casa
8388939,1,1,1,Caldas,Palestina,Central,"122,7881323",1,1,Centro poblado / Rural disperso,Casa
8388940,1,1,1,Caldas,Palestina,Central,"100,181252",1,1,Centro poblado / Rural disperso,Casa
8388941,1,1,1,Caldas,Palestina,Central,"30,69703309",1,1,Centro poblado / Rural disperso,Casa
8388942,1,1,1,Caldas,Palestina,Central,"199,622449",1,1,Cabecera,Apartamento
8388943,1,1,1,Caldas,Palestina,Central,"302,2519615",1,1,Cabecera,Apartamento
8388944,1,1,1,Caldas,Manizales,Central,"74,35153025",1,1,Centro poblado / Rural disperso,Apartamento
8388945,1,1,1,Caldas,Manizales,Central,"45,67471087",1,1,Centro poblado / Rural disperso,Casa
8388946,1,1,1,Caldas,Manizales,Central,"32,15670687",1,1,Centro poblado / Rural disperso,Casa
8388947,1,1,1,Caldas,Manizales,Central,"128,6268275",1,1,Centro poblado / Rural disperso,Apartamento
8388949,1,1,1,Caldas,Samaná,Central,"48,90845242",1,1,Centro poblado / Rural disperso,Casa
8388950,1,1,1,Caldas,Samaná,Central,"44,86270168",1,1,Centro poblado / Rural disperso,Casa
8388951,1,1,1,Caldas,Samaná,Central,"179,4508067",1,1,Centro poblado / Rural disperso,Casa
8388953,1,1,1,Caldas,Samaná,Central,"44,86270168",1,1,Centro poblado / Rural disperso,Casa
8388954,1,1,1,Caldas,Samaná,Central,"44,86270168",1,1,Centro poblado / Rural disperso,Casa
8388955,1,1,1,Caldas,Samaná,Central,"44,86270168",1,1,Centro poblado / Rural disperso,Casa
8388956,1,1,1,Caldas,Samaná,Central,"65,18871158",1,1,Centro poblado / Rural disperso,Casa
8388957,1,1,1,Caldas,Samaná,Central,"111,0369938",1,1,Centro poblado / Rural disperso,Casa
8388958,1,1,1,Caldas,Samaná,Central,"63,72203897",1,1,Centro poblado / Rural disperso,Casa
8388959,1,1,1,Caldas,Victoria,Central,"34,05258279",1,1,Centro poblado / Rural disperso,Casa
8388960,1,1,1,Caldas,Victoria,Central,"16,26010486",1,1,Centro poblado / Rural disperso,Casa
8388961,1,1,1,Caldas,Victoria,Central,"23,62709435",1,1,Centro poblado / Rural disperso,Casa
8388963,1,1,1,Caldas,Victoria,Central,"65,04041942",1,1,Centro poblado / Rural disperso,Casa
8388964,1,1,1,Caldas,Victoria,Central,"16,26010486",1,1,Centro poblado / Rural disperso,Casa
8388965,1,1,1,Caldas,Victoria,Central,"16,26010486",1,1,Centro poblado / Rural disperso,Casa
8388966,1,1,1,Caldas,Victoria,Central,"16,26010486",1,1,Centro poblado / Rural disperso,Casa
8388967,1,1,1,Caldas,Victoria,Central,"26,58610701",1,1,Centro poblado / Rural disperso,Casa
8388968,1,1,1,Caldas,Victoria,Central,"23,09551133",1,1,Centro poblado / Rural disperso,Casa
8388969,1,1,1,Caldas,Victoria,Central,"22,19144153",1,1,Centro poblado / Rural disperso,Casa
8388970,1,1,1,Caldas,Victoria,Central,"22,19144153",1,1,Centro poblado / Rural disperso,Casa
8388971,1,1,1,Caldas,Victoria,Central,"22,19144153",1,1,Centro poblado / Rural disperso,Casa
8388972,1,1,1,Caldas,Victoria,Central,"22,19144153",1,1,Centro poblado / Rural disperso,Casa
8388973,1,1,1,Caldas,Victoria,Central,"22,19144153",1,1,Centro poblado / Rural disperso,Casa
8388974,1,1,1,Caldas,Victoria,Central,"22,19144153",1,1,Centro poblado / Rural disperso,Casa
8388975,1,1,1,Caldas,Victoria,Central,"70,89737945",1,1,Centro poblado / Rural disperso,Casa
8388976,1,1,1,Caldas,Victoria,Central,"72,62359512",1,1,Centro poblado / Rural disperso,Casa
8388977,1,1,1,Caldas,Victoria,Central,"29,7270359",1,1,Centro poblado / Rural disperso,Casa
8388978,1,1,1,Caldas,Villamaría,Central,"83,39043215",1,1,Centro poblado / Rural disperso,Casa
8388979,1,1,1,Caldas,Pensilvania,Central,"38,94920624",1,1,Centro poblado / Rural disperso,Casa
8388980,1,1,1,Caldas,Pensilvania,Central,"38,94920624",1,1,Centro poblado / Rural disperso,Casa
8388981,1,1,1,Caldas,Pensilvania,Central,"194,7460312",1,1,Centro poblado / Rural disperso,Casa
8388982,1,1,1,Caldas,Pensilvania,Central,"48,6865078",1,1,Centro poblado / Rural disperso,Casa
8388983,1,1,1,Caldas,Pensilvania,Central,"48,6865078",1,1,Centro poblado / Rural disperso,Casa
8388984,1,1,1,Caldas,Pensilvania,Central,"85,77408869",1,1,Centro poblado / Rural disperso,Casa
8388985,1,1,1,Caldas,Pensilvania,Central,"48,6865078",1,1,Centro poblado / Rural disperso,Casa
8388986,1,1,1,Caldas,Pensilvania,Central,"48,6865078",1,1,Centro poblado / Rural disperso,Apartamento
8388987,1,1,1,Caldas,Pensilvania,Central,"48,6865078",1,1,Centro poblado / Rural disperso,Apartamento
8388988,1,1,1,Caldas,Pensilvania,Central,"48,6865078",1,1,Centro poblado / Rural disperso,Apartamento
8391536,1,1,1,Caldas,Manizales,Central,"274,1874636",1,1,Cabecera,Casa
8391537,1,1,1,Caldas,Manizales,Central,"141,1629986",1,1,Cabecera,Apartamento
8391538,1,1,1,Caldas,Manizales,Central,"274,6953355",1,1,Cabecera,Apartamento
8391539,1,1,1,Caldas,Manizales,Central,"456,2800651",1,1,Cabecera,Apartamento
8391540,1,1,1,Caldas,Manizales,Central,"804,2714125",1,1,Cabecera,Casa
8391541,1,1,1,Caldas,Manizales,Central,"290,3072295",1,1,Cabecera,Casa
8391542,1,1,1,Caldas,Manizales,Central,"292,1908748",1,1,Cabecera,Casa
8391543,1,1,1,Caldas,Manizales,Central,"249,1976066",1,1,Cabecera,Casa
8391544,1,1,1,Caldas,Manizales,Central,"214,9116164",1,1,Cabecera,Casa
8391545,1,1,1,Caldas,Manizales,Central,"345,0139318",1,1,Cabecera,Casa
8391546,1,1,1,Caldas,Manizales,Central,"149,9400542",1,1,Cabecera,Apartamento
8391547,1,1,1,Caldas,Manizales,Central,"149,9400542",1,1,Cabecera,Apartamento
8391548,1,1,1,Caldas,Manizales,Central,"110,2835926",1,1,Cabecera,Apartamento
8391549,1,1,1,Caldas,Manizales,Central,"149,9400542",1,1,Cabecera,Apartamento
8391550,1,1,1,Caldas,Manizales,Central,"198,1423504",1,1,Cabecera,Apartamento
8391551,1,1,1,Caldas,Manizales,Central,"149,9400542",1,1,Cabecera,Apartamento
8391552,1,1,1,Caldas,Manizales,Central,"177,0466229",1,1,Cabecera,Apartamento
8391553,1,1,1,Caldas,Marmato,Central,"64,59067346",1,1,Centro poblado / Rural disperso,Casa
8391554,1,1,1,Caldas,Supía,Central,"119,7801984",1,1,Cabecera,Apartamento
8391555,1,1,1,Caldas,Supía,Central,"199,0459059",1,1,Cabecera,Apartamento
8391556,1,1,1,Caldas,Supía,Central,"243,7185093",1,1,Cabecera,Casa
8391557,1,1,1,Caldas,Supía,Central,"331,5644805",1,1,Cabecera,Casa
8391558,1,1,1,Caldas,Supía,Central,"96,62269341",1,1,Cabecera,Apartamento
8391559,1,1,1,Caldas,Supía,Central,"182,8849255",1,1,Cabecera,Casa
8391561,1,1,1,Caldas,Manizales,Central,"26,97802197",1,1,Centro poblado / Rural disperso,Apartamento
8391562,1,1,1,Caldas,Manizales,Central,"26,97802197",1,1,Centro poblado / Rural disperso,Apartamento
8391563,1,1,1,Caldas,Manizales,Central,"80,15611943",1,1,Centro poblado / Rural disperso,Casa
8391565,1,1,1,Caldas,Samaná,Central,"179,4508067",1,1,Centro poblado / Rural disperso,Casa
8391567,1,1,1,Caldas,Samaná,Central,"40,81843384",1,1,Centro poblado / Rural disperso,Casa
8391569,1,1,1,Caldas,Samaná,Central,"95,47022503",1,1,Centro poblado / Rural disperso,Casa
8391570,1,1,1,Caldas,Samaná,Central,"53,96714366",1,1,Centro poblado / Rural disperso,Casa
8391571,1,1,1,Caldas,Pensilvania,Central,"38,94920624",1,1,Centro poblado / Rural disperso,Apartamento
8391572,1,1,1,Caldas,Pensilvania,Central,"94,81733042",1,1,Centro poblado / Rural disperso,Casa
8391573,1,1,1,Caldas,Pensilvania,Central,"148,9330902",1,1,Centro poblado / Rural disperso,Casa
8391574,1,1,1,Caldas,Pensilvania,Central,"48,6865078",1,1,Centro poblado / Rural disperso,Casa
8391575,1,1,1,Caldas,Pensilvania,Central,"45,77403362",1,1,Centro poblado / Rural disperso,Casa
8391576,1,1,1,Caldas,Pensilvania,Central,"38,94920624",1,1,Centro poblado / Rural disperso,Casa
8391577,1,1,1,Caldas,Pensilvania,Central,"38,94920624",1,1,Centro poblado / Rural disperso,Casa
8391578,1,1,1,Caldas,Pensilvania,Central,"128,8559187",1,1,Centro poblado / Rural disperso,Casa
8391579,1,1,1,Caldas,Pensilvania,Central,"38,94920624",1,1,Centro poblado / Rural disperso,Casa
8391580,1,1,1,Caldas,Pensilvania,Central,"38,94920624",1,1,Centro poblado / Rural disperso,Casa
8391581,1,1,1,Caldas,Pensilvania,Central,"38,94920624",1,1,Centro poblado / Rural disperso,Casa
8391582,1,1,1,Caldas,Pensilvania,Central,"38,94920624",1,1,Centro poblado / Rural disperso,Casa
8391583,1,1,1,Caldas,Pensilvania,Central,"38,94920624",1,1,Centro poblado / Rural disperso,Casa
8391584,1,1,1,Caldas,Pensilvania,Central,"38,94920624",1,1,Centro poblado / Rural disperso,Casa
8392295,1,1,1,Caldas,Manizales,Central,"238,2222632",1,1,Cabecera,Casa
8392296,1,1,1,Caldas,Manizales,Central,"222,9324855",1,1,Cabecera,Casa
8392297,1,1,1,Caldas,Manizales,Central,"173,469691",1,1,Cabecera,Casa
8392298,1,1,1,Caldas,Manizales,Central,"172,5179544",1,1,Cabecera,Casa
8392299,1,1,1,Caldas,Manizales,Central,"378,3530063",1,1,Cabecera,Apartamento
8392300,1,1,1,Caldas,Manizales,Central,"230,6770064",1,1,Cabecera,Apartamento
8392301,1,1,1,Caldas,Manizales,Central,"200,2256443",1,1,Cabecera,Casa
8392302,1,1,1,Caldas,Manizales,Central,"149,9400542",1,1,Cabecera,Apartamento
8392303,1,1,1,Caldas,Manizales,Central,"183,8454842",1,1,Cabecera,Apartamento
8392304,1,1,1,Caldas,Manizales,Central,"127,8777192",1,1,Cabecera,Apartamento
8392305,1,1,1,Caldas,Manizales,Central,"183,8454842",1,1,Cabecera,Apartamento
8392306,1,1,1,Caldas,Manizales,Central,"348,2831137",1,1,Cabecera,Apartamento
8392307,1,1,1,Caldas,Manizales,Central,"207,7967395",1,1,Cabecera,Apartamento
8392308,1,1,1,Caldas,Manizales,Central,"199,9200722",1,1,Cabecera,Apartamento
8392309,1,1,1,Caldas,Manizales,Central,"141,0733502",1,1,Cabecera,Apartamento
8392310,1,1,1,Caldas,Manizales,Central,"336,3693867",1,1,Cabecera,Apartamento
8392311,1,1,1,Caldas,Supía,Central,"181,3613655",1,1,Cabecera,Apartamento
8392312,1,1,1,Caldas,Supía,Central,"119,7801984",1,1,Cabecera,Apartamento
8392313,1,1,1,Caldas,Supía,Central,"119,7801984",1,1,Cabecera,Apartamento
8392314,1,1,1,Caldas,Supía,Central,"186,7297216",1,1,Cabecera,Apartamento
8392315,1,1,1,Caldas,Supía,Central,"198,7325032",1,1,Cabecera,Apartamento
8392316,1,1,1,Caldas,Supía,Central,"141,3921344",1,1,Cabecera,Apartamento
8392317,1,1,1,Caldas,Supía,Central,"219,7620209",1,1,Cabecera,Apartamento
8392318,1,1,1,Caldas,Supía,Central,"284,0572186",1,1,Cabecera,Apartamento
8392319,1,1,1,Caldas,Supía,Central,"181,3613655",1,1,Cabecera,Apartamento
8392321,1,1,1,Caldas,Supía,Central,"177,2746968",1,1,Cabecera,Casa
8392322,1,1,1,Caldas,Samaná,Central,"44,86270168",1,1,Centro poblado / Rural disperso,Casa
8392323,1,1,1,Caldas,Samaná,Central,"76,97803819",1,1,Centro poblado / Rural disperso,Casa
8392324,1,1,1,Caldas,Samaná,Central,"44,86270168",1,1,Centro poblado / Rural disperso,Casa
8392325,1,1,1,Caldas,Samaná,Central,"63,02701455",1,1,Centro poblado / Rural disperso,Casa
8392326,1,1,1,Caldas,Samaná,Central,"44,86270168",1,1,Centro poblado / Rural disperso,Casa
8392327,1,1,1,Caldas,Pensilvania,Central,"58,33594104",1,1,Centro poblado / Rural disperso,Casa
8392328,1,1,1,Caldas,Pensilvania,Central,"53,51034005",1,1,Centro poblado / Rural disperso,Casa
8392329,1,1,1,Caldas,Pensilvania,Central,"53,51034005",1,1,Centro poblado / Rural disperso,Casa
8392330,1,1,1,Caldas,Pensilvania,Central,"53,51034005",1,1,Centro poblado / Rural disperso,Casa
8392331,1,1,1,Caldas,Pensilvania,Central,"77,75434811",1,1,Centro poblado / Rural disperso,Casa
8392332,1,1,1,Caldas,Pensilvania,Central,"58,33594104",1,1,Centro poblado / Rural disperso,Casa
8392333,1,1,1,Caldas,Pensilvania,Central,"53,51034005",1,1,Centro poblado / Rural disperso,Casa
8392334,1,1,1,Caldas,Pensilvania,Central,"100,9323303",1,1,Centro poblado / Rural disperso,Casa
8392335,1,1,1,Caldas,Pensilvania,Central,"53,51034005",1,1,Centro poblado / Rural disperso,Casa
8392336,1,1,1,Caldas,Pensilvania,Central,"53,51034005",1,1,Centro poblado / Rural disperso,Casa
8394331,1,1,1,Caldas,Manizales,Central,"401,0611194",1,1,Cabecera,Apartamento
8394332,1,1,1,Caldas,Manizales,Central,"452,1956747",1,1,Cabecera,Apartamento
8394333,1,1,1,Caldas,Manizales,Central,"245,1273123",1,1,Cabecera,Apartamento
8394334,1,1,1,Caldas,Manizales,Central,"189,6300086",1,1,Cabecera,Casa
8394335,1,1,1,Caldas,Manizales,Central,"173,1267583",1,1,Cabecera,Casa
8394336,1,1,1,Caldas,Manizales,Central,"215,647443",1,1,Cabecera,Apartamento
8394337,1,1,1,Caldas,Manizales,Central,"149,3070177",1,1,Cabecera,Casa
8394339,1,1,1,Caldas,Manizales,Central,"383,2605317",1,1,Cabecera,Casa
8394340,1,1,1,Caldas,Supía,Central,"96,62269341",1,1,Cabecera,Apartamento
8394341,1,1,1,Caldas,Supía,Central,"96,62269341",1,1,Cabecera,Casa
8394342,1,1,1,Caldas,Supía,Central,"328,6669705",1,1,Cabecera,Casa
8394343,1,1,1,Caldas,Supía,Central,"386,4907736",1,1,Cabecera,Apartamento
8394344,1,1,1,Caldas,Aguadas,Central,"151,9771359",1,1,Centro poblado / Rural disperso,Casa
8394345,1,1,1,Caldas,Aguadas,Central,"179,5309057",1,1,Centro poblado / Rural disperso,Casa
8394346,1,1,1,Caldas,Aguadas,Central,"44,88272642",1,1,Centro poblado / Rural disperso,Casa
8394347,1,1,1,Caldas,Aguadas,Central,"44,88272642",1,1,Centro poblado / Rural disperso,Casa
8394348,1,1,1,Caldas,Aguadas,Central,"65,21780895",1,1,Centro poblado / Rural disperso,Casa
8394349,1,1,1,Caldas,Aguadas,Central,"44,88272642",1,1,Centro poblado / Rural disperso,Casa
8394350,1,1,1,Caldas,Aguadas,Central,"148,485823",1,1,Centro poblado / Rural disperso,Casa
8394351,1,1,1,Caldas,Victoria,Central,"65,04041942",1,1,Centro poblado / Rural disperso,Casa
8394352,1,1,1,Caldas,Victoria,Central,"16,26010486",1,1,Centro poblado / Rural disperso,Casa
8394353,1,1,1,Caldas,Victoria,Central,"30,4919629",1,1,Centro poblado / Rural disperso,Casa
8394354,1,1,1,Caldas,Victoria,Central,"16,26010486",1,1,Centro poblado / Rural disperso,Casa
8394355,1,1,1,Caldas,Victoria,Central,"20,78326133",1,1,Centro poblado / Rural disperso,Casa
8394356,1,1,1,Caldas,Victoria,Central,"16,26010486",1,1,Centro poblado / Rural disperso,Casa
8394357,1,1,1,Caldas,Victoria,Central,"16,26010486",1,1,Centro poblado / Rural disperso,Casa
8394358,1,1,1,Caldas,Victoria,Central,"24,89192646",1,1,Centro poblado / Rural disperso,Apartamento
8394359,1,1,1,Caldas,Victoria,Central,"53,21273383",1,1,Centro poblado / Rural disperso,Casa
8394360,1,1,1,Caldas,Victoria,Central,"65,04041942",1,1,Centro poblado / Rural disperso,Casa
8394361,1,1,1,Caldas,Victoria,Central,"16,26010486",1,1,Centro poblado / Rural disperso,Casa
8394362,1,1,1,Caldas,Victoria,Central,"17,72645282",1,1,Centro poblado / Rural disperso,Casa
8394364,1,1,1,Caldas,Victoria,Central,"65,04041942",1,1,Centro poblado / Rural disperso,Casa
8394365,1,1,1,Caldas,Victoria,Central,"23,62709435",1,1,Centro poblado / Rural disperso,Casa
8394366,1,1,1,Caldas,Victoria,Central,"35,15906934",1,1,Centro poblado / Rural disperso,Casa
8394367,1,1,1,Caldas,Victoria,Central,"36,47299789",1,1,Centro poblado / Rural disperso,Casa
8394368,1,1,1,Caldas,Victoria,Central,"16,26010486",1,1,Centro poblado / Rural disperso,Casa
8394369,1,1,1,Caldas,Victoria,Central,"16,26010486",1,1,Centro poblado / Rural disperso,Casa
8394371,1,1,1,Caldas,Aguadas,Central,"44,88272642",1,1,Centro poblado / Rural disperso,Casa
8394372,1,1,1,Caldas,Aguadas,Central,"44,88272642",1,1,Centro poblado / Rural disperso,Casa
8394373,1,1,1,Caldas,Aguadas,Central,"44,88272642",1,1,Centro poblado / Rural disperso,Casa
8394374,1,1,1,Caldas,Villamaría,Central,"30,69469867",1,1,Centro poblado / Rural disperso,Apartamento
8394375,1,1,1,Caldas,Villamaría,Central,"63,80657492",1,1,Centro poblado / Rural disperso,Casa
8394376,1,1,1,Caldas,Villamaría,Central,"58,03614372",1,1,Centro poblado / Rural disperso,Casa
8394377,1,1,1,Caldas,Villamaría,Central,"62,1996892",1,1,Centro poblado / Rural disperso,Casa
8394379,1,1,1,Caldas,Villamaría,Central,"30,69469867",1,1,Centro poblado / Rural disperso,Casa
8394380,1,1,1,Caldas,Villamaría,Central,"117,3696916",1,1,Centro poblado / Rural disperso,Casa
8394381,1,1,1,Caldas,Villamaría,Central,"41,11776191",1,1,Centro poblado / Rural disperso,Casa
8394382,1,1,1,Caldas,Villamaría,Central,"30,69469867",1,1,Centro poblado / Rural disperso,Casa
8394383,1,1,1,Caldas,Villamaría,Central,"36,07313999",1,1,Centro poblado / Rural disperso,Casa
8397660,1,1,1,Caldas,Manizales,Central,"257,2800443",1,1,Cabecera,Apartamento
8397661,1,1,1,Caldas,Manizales,Central,"206,9075803",1,1,Cabecera,Casa
8397662,1,1,1,Caldas,Manizales,Central,"356,3900996",1,1,Cabecera,Casa
8397664,1,1,1,Caldas,Manizales,Central,"622,0360315",1,1,Cabecera,Casa
8397665,1,1,1,Caldas,Manizales,Central,"213,5956534",1,1,Cabecera,Apartamento
8397666,1,1,1,Caldas,Manizales,Central,"185,4680167",1,1,Cabecera,Apartamento
8397667,1,1,1,Caldas,Manizales,Central,"176,4929727",1,1,Cabecera,Apartamento
8397668,1,1,1,Caldas,Manizales,Central,"218,1903782",1,1,Cabecera,Casa
8397669,1,1,1,Caldas,Manizales,Central,"133,3468614",1,1,Cabecera,Apartamento
8397670,1,1,1,Caldas,Manizales,Central,"151,7040069",1,1,Cabecera,Casa
8397671,1,1,1,Caldas,Manizales,Central,"251,325596",1,1,Cabecera,Casa
8397672,1,1,1,Caldas,Manizales,Central,"162,3966125",1,1,Cabecera,Casa
8397673,1,1,1,Caldas,Supía,Central,"203,2084191",1,1,Cabecera,Apartamento
8397674,1,1,1,Caldas,Supía,Central,"99,27376062",1,1,Centro poblado / Rural disperso,Casa
8397709,1,1,1,Caldas,Pensilvania,Central,"53,51034005",1,1,Centro poblado / Rural disperso,Casa
8397710,1,1,1,Caldas,Pensilvania,Central,"94,09726555",1,1,Centro poblado / Rural disperso,Casa
8397711,1,1,1,Caldas,Pensilvania,Central,"38,94920624",1,1,Centro poblado / Rural disperso,Apartamento
8400792,1,1,1,Caldas,Manizales,Central,"317,1949925",1,1,Cabecera,Apartamento
8400793,1,1,1,Caldas,Manizales,Central,"404,7532709",1,1,Cabecera,Apartamento
8400794,1,1,1,Caldas,Manizales,Central,"191,7950908",1,1,Cabecera,Apartamento
8400795,1,1,1,Caldas,Manizales,Central,"266,5928301",1,1,Cabecera,Casa
8400796,1,1,1,Caldas,Manizales,Central,"142,5203351",1,1,Cabecera,Casa
8400797,1,1,1,Caldas,Manizales,Central,"186,701762",1,1,Cabecera,Casa
8400798,1,1,1,Caldas,Manizales,Central,"341,2974887",1,1,Cabecera,Apartamento
8400799,1,1,1,Caldas,Manizales,Central,"230,7967925",1,1,Cabecera,Apartamento
8400800,1,1,1,Caldas,Manizales,Central,"138,4483255",1,1,Cabecera,Apartamento
8400801,1,1,1,Caldas,Manizales,Central,"167,4048381",1,1,Cabecera,Apartamento
8400802,1,1,1,Caldas,Manizales,Central,"244,6376968",1,1,Cabecera,Casa
8400804,1,1,1,Caldas,Manizales,Central,"105,8722489",1,1,Cabecera,Cuarto(s)
8400805,1,1,1,Caldas,Manizales,Central,"283,0461131",1,1,Cabecera,Casa
8400806,1,1,1,Caldas,Manizales,Central,"295,518907",1,1,Cabecera,Apartamento
8400807,1,1,1,Caldas,Manizales,Central,"148,9734467",1,1,Cabecera,Apartamento
8400808,1,1,1,Caldas,Manizales,Central,"214,7509441",1,1,Cabecera,Apartamento
8400809,1,1,1,Caldas,Manizales,Central,"296,5415042",1,1,Cabecera,Apartamento
8400810,1,1,1,Caldas,Manizales,Central,"216,7138652",1,1,Cabecera,Apartamento
8400811,1,1,1,Caldas,Manizales,Central,"173,1267583",1,1,Cabecera,Casa
8400812,1,1,1,Caldas,Manizales,Central,"314,1569951",1,1,Cabecera,Casa
8400813,1,1,1,Caldas,Manizales,Central,"171,2012462",1,1,Cabecera,Apartamento
8400814,1,1,1,Caldas,Manizales,Central,"138,9057376",1,1,Cabecera,Apartamento
8400815,1,1,1,Caldas,Manizales,Central,"379,5510619",1,1,Cabecera,Casa
8400816,1,1,1,Caldas,Manizales,Central,"202,9957657",1,1,Cabecera,Casa
8400818,1,1,1,Caldas,Manizales,Central,"161,3497023",1,1,Cabecera,Casa
8400819,1,1,1,Caldas,Manizales,Central,"190,7082013",1,1,Cabecera,Casa
8400820,1,1,1,Caldas,Manizales,Central,"157,3879621",1,1,Cabecera,Apartamento
8400821,1,1,1,Caldas,Manizales,Central,"157,3879621",1,1,Cabecera,Apartamento
8400822,1,1,1,Caldas,Manizales,Central,"216,7138652",1,1,Cabecera,Apartamento
8400823,1,1,1,Caldas,Manizales,Central,"162,3966125",1,1,Cabecera,Casa
8400824,1,1,1,Caldas,Manizales,Central,"141,9385653",1,1,Cabecera,Apartamento
8400825,1,1,1,Caldas,Manizales,Central,"174,6070177",1,1,Cabecera,Apartamento
8400826,1,1,1,Caldas,Manizales,Central,"158,4752988",1,1,Cabecera,Apartamento
8400827,1,1,1,Caldas,Manizales,Central,"164,5609929",1,1,Cabecera,Apartamento
8400828,1,1,1,Caldas,Manizales,Central,"207,7071042",1,1,Cabecera,Apartamento
8400829,1,1,1,Caldas,Manizales,Central,"253,3953928",1,1,Cabecera,Apartamento
8400831,1,1,1,Caldas,Manizales,Central,"170,6987538",1,1,Cabecera,Casa
8400851,1,1,1,Caldas,Palestina,Central,"89,83010205",1,1,Cabecera,Casa
8400852,1,1,1,Caldas,Palestina,Central,"145,1101648",1,1,Cabecera,Casa
8400853,1,1,1,Caldas,Palestina,Central,"259,7315787",1,1,Cabecera,Casa
8400854,1,1,1,Caldas,Palestina,Central,"202,4524282",1,1,Cabecera,Casa
8400855,1,1,1,Caldas,Palestina,Central,"89,83010205",1,1,Cabecera,Casa
8400856,1,1,1,Caldas,Palestina,Central,"149,2760429",1,1,Cabecera,Apartamento
8400857,1,1,1,Caldas,Palestina,Central,"284,8285387",1,1,Cabecera,Casa
8400858,1,1,1,Caldas,Palestina,Central,"145,1101648",1,1,Cabecera,Apartamento
8400859,1,1,1,Caldas,Palestina,Central,"318,9409951",1,1,Cabecera,Apartamento
8400860,1,1,1,Caldas,Palestina,Central,"201,1205704",1,1,Cabecera,Casa
8400861,1,1,1,Caldas,Palestina,Central,"145,1101648",1,1,Cabecera,Casa
8400862,1,1,1,Caldas,Palestina,Central,"201,1205704",1,1,Cabecera,Casa
8400863,1,1,1,Caldas,Palestina,Central,"89,83010205",1,1,Cabecera,Apartamento
8400864,1,1,1,Caldas,Palestina,Central,"149,2760429",1,1,Cabecera,Apartamento
8400865,1,1,1,Caldas,Palestina,Central,"36,07588344",1,1,Centro poblado / Rural disperso,Casa
8400866,1,1,1,Caldas,Palestina,Central,"30,69703309",1,1,Centro poblado / Rural disperso,Casa
8400867,1,1,1,Caldas,Palestina,Central,"33,46531363",1,1,Centro poblado / Rural disperso,Casa
8400868,1,1,1,Caldas,Palestina,Central,"68,85643316",1,1,Centro poblado / Rural disperso,Casa
8400869,1,1,1,Caldas,Palestina,Central,"98,07110544",1,1,Centro poblado / Rural disperso,Casa
8400870,1,1,1,Caldas,Palestina,Central,"30,69703309",1,1,Centro poblado / Rural disperso,Casa
8400871,1,1,1,Caldas,Palestina,Central,"122,7881323",1,1,Centro poblado / Rural disperso,Casa
8400872,1,1,1,Caldas,Palestina,Central,"236,4671305",1,1,Cabecera,Apartamento
8400874,1,1,1,Caldas,Samaná,Central,"112,6905585",1,1,Centro poblado / Rural disperso,Casa
8400875,1,1,1,Caldas,Samaná,Central,"45,92073807",1,1,Centro poblado / Rural disperso,Casa
8400876,1,1,1,Caldas,Samaná,Central,"146,8174421",1,1,Centro poblado / Rural disperso,Casa
8400877,1,1,1,Caldas,Samaná,Central,"44,86270168",1,1,Centro poblado / Rural disperso,Casa
8400879,1,1,1,Caldas,Palestina,Central,"136,0133827",1,1,Cabecera,Apartamento
8400880,1,1,1,Caldas,Palestina,Central,"89,83010205",1,1,Cabecera,Apartamento
8400881,1,1,1,Caldas,Palestina,Central,"145,1101648",1,1,Cabecera,Casa
8400882,1,1,1,Caldas,Palestina,Central,"274,6870938",1,1,Cabecera,Apartamento
8400883,1,1,1,Caldas,Palestina,Central,"149,7168367",1,1,Cabecera,Apartamento
8400884,1,1,1,Caldas,Victoria,Central,"16,26010486",1,1,Centro poblado / Rural disperso,Casa
8400885,1,1,1,Caldas,Victoria,Central,"16,26010486",1,1,Centro poblado / Rural disperso,Casa
8400886,1,1,1,Caldas,Victoria,Central,"16,26010486",1,1,Centro poblado / Rural disperso,Casa
8400887,1,1,1,Caldas,Victoria,Central,"16,26010486",1,1,Centro poblado / Rural disperso,Casa
8400888,1,1,1,Caldas,Victoria,Central,"16,26010486",1,1,Centro poblado / Rural disperso,Casa
8400889,1,1,1,Caldas,Victoria,Central,"17,72645282",1,1,Centro poblado / Rural disperso,Casa
8400890,1,1,1,Caldas,Victoria,Central,"47,23169883",1,1,Centro poblado / Rural disperso,Casa
8400891,1,1,1,Caldas,Victoria,Central,"31,20874977",1,1,Centro poblado / Rural disperso,Casa
8400892,1,1,1,Caldas,Victoria,Central,"16,26010486",1,1,Centro poblado / Rural disperso,Casa
8400893,1,1,1,Caldas,Victoria,Central,"16,26010486",1,1,Centro poblado / Rural disperso,Casa
8400894,1,1,1,Caldas,Palestina,Central,"497,8536614",1,1,Cabecera,Casa
8400895,1,1,1,Caldas,Palestina,Central,"72,34052691",1,1,Centro poblado / Rural disperso,Casa
8400896,1,1,1,Caldas,Palestina,Central,"44,60498278",1,1,Centro poblado / Rural disperso,Casa
8400897,1,1,1,Caldas,Palestina,Central,"30,69703309",1,1,Centro poblado / Rural disperso,Apartamento
8400898,1,1,1,Caldas,Palestina,Central,"89,83010205",1,1,Cabecera,Casa
8400899,1,1,1,Caldas,Victoria,Central,"36,90678506",1,1,Centro poblado / Rural disperso,Casa
8400900,1,1,1,Caldas,Victoria,Central,"16,26010486",1,1,Centro poblado / Rural disperso,Casa
8400901,1,1,1,Caldas,Victoria,Central,"65,04041942",1,1,Centro poblado / Rural disperso,Casa
8400902,1,1,1,Caldas,Victoria,Central,"60,83647115",1,1,Centro poblado / Rural disperso,Casa
8400903,1,1,1,Caldas,Victoria,Central,"54,90691438",1,1,Centro poblado / Rural disperso,Casa
8400904,1,1,1,Caldas,Victoria,Central,"31,2754516",1,1,Centro poblado / Rural disperso,Casa
8400905,1,1,1,Caldas,Victoria,Central,"16,26010486",1,1,Centro poblado / Rural disperso,Casa
8400906,1,1,1,Caldas,Victoria,Central,"65,04041942",1,1,Centro poblado / Rural disperso,Casa
8400907,1,1,1,Caldas,Victoria,Central,"16,26010486",1,1,Centro poblado / Rural disperso,Casa
8400908,1,1,1,Caldas,Victoria,Central,"16,26010486",1,1,Centro poblado / Rural disperso,Casa
8402903,1,1,1,Caldas,Manizales,Central,"313,9515192",1,1,Cabecera,Apartamento
8402904,1,1,1,Caldas,Manizales,Central,"336,7154995",1,1,Cabecera,Apartamento
8402905,1,1,1,Caldas,Manizales,Central,"415,6031488",1,1,Cabecera,Apartamento
8402907,1,1,1,Caldas,Manizales,Central,"159,6363615",1,1,Cabecera,Apartamento
8402908,1,1,1,Caldas,Manizales,Central,"137,6727047",1,1,Cabecera,Apartamento
8402909,1,1,1,Caldas,Manizales,Central,"159,6363615",1,1,Cabecera,Casa
8402910,1,1,1,Caldas,Manizales,Central,"264,8471044",1,1,Cabecera,Casa
8402911,1,1,1,Caldas,Manizales,Central,"394,745635",1,1,Cabecera,Apartamento
8402912,1,1,1,Caldas,Riosucio,Central,"245,6852092",1,1,Cabecera,Casa
8402913,1,1,1,Caldas,Riosucio,Central,"146,1998151",1,1,Cabecera,Apartamento
8402914,1,1,1,Caldas,Riosucio,Central,"133,8276128",1,1,Cabecera,Apartamento
8402915,1,1,1,Caldas,Riosucio,Central,"199,4617409",1,1,Cabecera,Casa
8402916,1,1,1,Caldas,Riosucio,Central,"96,55773608",1,1,Cabecera,Casa
8402917,1,1,1,Caldas,Riosucio,Central,"96,55773608",1,1,Cabecera,Casa
8404315,1,1,1,Caldas,Manizales,Central,"171,7924355",1,1,Cabecera,Apartamento
8404316,1,1,1,Caldas,Manizales,Central,"269,141501",1,1,Cabecera,Apartamento
8404317,1,1,1,Caldas,Manizales,Central,"214,2903876",1,1,Cabecera,Casa
8404318,1,1,1,Caldas,Manizales,Central,"142,5203351",1,1,Cabecera,Casa
8404319,1,1,1,Caldas,Manizales,Central,"218,3757974",1,1,Cabecera,Apartamento
8404321,1,1,1,Caldas,Manizales,Central,"302,6061892",1,1,Cabecera,Apartamento
8404322,1,1,1,Caldas,Manizales,Central,"299,8771316",1,1,Cabecera,Casa
8404323,1,1,1,Caldas,Manizales,Central,"292,5016078",1,1,Cabecera,Casa
8404324,1,1,1,Caldas,Manizales,Central,"137,5139508",1,1,Cabecera,Casa
8404325,1,1,1,Caldas,Riosucio,Central,"96,55773608",1,1,Cabecera,Casa
8404326,1,1,1,Caldas,Riosucio,Central,"146,1998151",1,1,Cabecera,Apartamento
8404327,1,1,1,Caldas,Riosucio,Central,"231,8706102",1,1,Cabecera,Apartamento
8404328,1,1,1,Caldas,Riosucio,Central,"177,1555189",1,1,Cabecera,Apartamento
8406586,1,1,1,Caldas,Manizales,Central,"326,708483",1,1,Cabecera,Apartamento
8406587,1,1,1,Caldas,Manizales,Central,"199,2914835",1,1,Cabecera,Casa
8406588,1,1,1,Caldas,Manizales,Central,"340,3326409",1,1,Cabecera,Casa
8406589,1,1,1,Caldas,Manizales,Central,"169,7035239",1,1,Cabecera,Casa
8406590,1,1,1,Caldas,Manizales,Central,"145,4818924",1,1,Cabecera,Casa
8406591,1,1,1,Caldas,Manizales,Central,"208,2726337",1,1,Cabecera,Casa
8406592,1,1,1,Caldas,Manizales,Central,"269,5180062",1,1,Cabecera,Apartamento
8406593,1,1,1,Caldas,Manizales,Central,"137,6727047",1,1,Cabecera,Apartamento
8406594,1,1,1,Caldas,Manizales,Central,"351,3356501",1,1,Cabecera,Casa
8406595,1,1,1,Caldas,Manizales,Central,"349,9348466",1,1,Cabecera,Casa
8406596,1,1,1,Caldas,Manizales,Central,"194,6075109",1,1,Cabecera,Apartamento
8406597,1,1,1,Caldas,Manizales,Central,"210,6023586",1,1,Cabecera,Casa
8406598,1,1,1,Caldas,Manizales,Central,"172,1700013",1,1,Cabecera,Apartamento
8406599,1,1,1,Caldas,Manizales,Central,"193,352949",1,1,Cabecera,Apartamento
8406600,1,1,1,Caldas,Manizales,Central,"228,6645927",1,1,Cabecera,Apartamento
8406601,1,1,1,Caldas,Manizales,Central,"211,894001",1,1,Cabecera,Casa
8406602,1,1,1,Caldas,Manizales,Central,"200,359457",1,1,Cabecera,Casa
8406603,1,1,1,Caldas,Manizales,Central,"269,0523416",1,1,Cabecera,Casa
8406604,1,1,1,Caldas,Manizales,Central,"250,420432",1,1,Cabecera,Casa
8406605,1,1,1,Caldas,Manizales,Central,"193,352949",1,1,Cabecera,Apartamento
8406606,1,1,1,Caldas,Manizales,Central,"342,7777654",1,1,Cabecera,Apartamento
8406607,1,1,1,Caldas,Manizales,Central,"193,352949",1,1,Cabecera,Apartamento
8406608,1,1,1,Caldas,Manizales,Central,"209,1742469",1,1,Cabecera,Apartamento
8406609,1,1,1,Caldas,Manizales,Central,"215,2985393",1,1,Cabecera,Casa
8406610,1,1,1,Caldas,Riosucio,Central,"164,3884931",1,1,Cabecera,Apartamento
8406611,1,1,1,Caldas,Riosucio,Central,"137,1077014",1,1,Cabecera,Apartamento
8406612,1,1,1,Caldas,Riosucio,Central,"149,7831439",1,1,Cabecera,Casa
8406613,1,1,1,Caldas,Riosucio,Central,"164,3884931",1,1,Cabecera,Apartamento
8406614,1,1,1,Caldas,Riosucio,Central,"137,1077014",1,1,Cabecera,Apartamento
8406615,1,1,1,Caldas,Palestina,Central,"325,4144365",1,1,Cabecera,Casa
8406616,1,1,1,Caldas,Palestina,Central,"30,69703309",1,1,Centro poblado / Rural disperso,Casa
8406617,1,1,1,Caldas,Palestina,Central,"30,69703309",1,1,Centro poblado / Rural disperso,Casa
8406618,1,1,1,Caldas,Palestina,Central,"30,69703309",1,1,Centro poblado / Rural disperso,Casa
8406619,1,1,1,Caldas,Palestina,Central,"44,60498278",1,1,Centro poblado / Rural disperso,Casa
8406620,1,1,1,Caldas,Palestina,Central,"33,46531363",1,1,Centro poblado / Rural disperso,Casa
8406621,1,1,1,Caldas,Palestina,Central,"67,44729407",1,1,Centro poblado / Rural disperso,Casa
8406622,1,1,1,Caldas,Palestina,Central,"335,7013427",1,1,Cabecera,Apartamento
8406623,1,1,1,Caldas,Palestina,Central,"30,69703309",1,1,Centro poblado / Rural disperso,Casa
8406624,1,1,1,Caldas,Palestina,Central,"412,3651073",1,1,Cabecera,Casa
8406625,1,1,1,Caldas,Palestina,Central,"136,0133827",1,1,Cabecera,Apartamento
8406626,1,1,1,Caldas,Palestina,Central,"103,3540006",1,1,Cabecera,Casa
8406627,1,1,1,Caldas,Palestina,Central,"30,69703309",1,1,Centro poblado / Rural disperso,Casa
8406628,1,1,1,Caldas,Palestina,Central,"83,29556979",1,1,Centro poblado / Rural disperso,Casa
8406629,1,1,1,Caldas,Palestina,Central,"84,27427467",1,1,Centro poblado / Rural disperso,Casa
8406630,1,1,1,Caldas,Palestina,Central,"145,1101648",1,1,Cabecera,Apartamento
8406631,1,1,1,Caldas,Marquetalia,Central,"125,9771289",1,1,Cabecera,Casa
8406632,1,1,1,Caldas,Marquetalia,Central,"339,2968474",1,1,Cabecera,Casa
8406633,1,1,1,Caldas,Marquetalia,Central,"288,658832",1,1,Cabecera,Casa
8406634,1,1,1,Caldas,Marquetalia,Central,"209,3437151",1,1,Cabecera,Casa
8406635,1,1,1,Caldas,Marquetalia,Central,"125,9771289",1,1,Cabecera,Casa
8406636,1,1,1,Caldas,Marquetalia,Central,"361,414345",1,1,Cabecera,Apartamento
8406637,1,1,1,Caldas,Marquetalia,Central,"209,3437151",1,1,Cabecera,Casa
8406638,1,1,1,Caldas,Marquetalia,Central,"231,1315959",1,1,Cabecera,Casa
8406639,1,1,1,Caldas,Marquetalia,Central,"192,5415279",1,1,Cabecera,Casa
8409576,1,1,1,Caldas,Manizales,Central,"176,5364495",1,1,Cabecera,Casa
8409577,1,1,1,Caldas,Manizales,Central,"226,1340525",1,1,Cabecera,Cuarto(s)
8409578,1,1,1,Caldas,Manizales,Central,"283,4488716",1,1,Cabecera,Casa
8409579,1,1,1,Caldas,Manizales,Central,"223,0140072",1,1,Cabecera,Casa
8409580,1,1,1,Caldas,Manizales,Central,"342,4835369",1,1,Cabecera,Casa
8409581,1,1,1,Caldas,Manizales,Central,"192,7317109",1,1,Cabecera,Apartamento
8409582,1,1,1,Caldas,Manizales,Central,"182,1008146",1,1,Cabecera,Casa
8409583,1,1,1,Caldas,Manizales,Central,"172,895362",1,1,Cabecera,Casa
8409584,1,1,1,Caldas,Manizales,Central,"189,1765031",1,1,Cabecera,Casa
8409585,1,1,1,Caldas,Manizales,Central,"240,8390555",1,1,Cabecera,Casa
8409586,1,1,1,Caldas,Manizales,Central,"192,5195312",1,1,Cabecera,Casa
8409587,1,1,1,Caldas,Manizales,Central,"203,6746494",1,1,Cabecera,Casa
8409588,1,1,1,Caldas,Manizales,Central,"201,6510995",1,1,Cabecera,Casa
8409589,1,1,1,Caldas,Manizales,Central,"487,0894166",1,1,Cabecera,Apartamento
8409590,1,1,1,Caldas,Manizales,Central,"143,1373063",1,1,Cabecera,Apartamento
8409591,1,1,1,Caldas,Manizales,Central,"193,352949",1,1,Cabecera,Apartamento
8409592,1,1,1,Caldas,Manizales,Central,"193,352949",1,1,Cabecera,Apartamento
8409593,1,1,1,Caldas,Manizales,Central,"216,836386",1,1,Cabecera,Casa
8409594,1,1,1,Caldas,Manizales,Central,"441,8886152",1,1,Cabecera,Casa
8409596,1,1,1,Caldas,Manizales,Central,"187,7265816",1,1,Cabecera,Casa
8409597,1,1,1,Caldas,Manizales,Central,"351,807399",1,1,Cabecera,Casa
8409598,1,1,1,Caldas,Manizales,Central,"216,836386",1,1,Cabecera,Casa
8409599,1,1,1,Caldas,Manizales,Central,"184,9308555",1,1,Cabecera,Casa
8409600,1,1,1,Caldas,Manizales,Central,"196,7469402",1,1,Cabecera,Apartamento
8409601,1,1,1,Caldas,Manizales,Central,"196,7469402",1,1,Cabecera,Casa
8409602,1,1,1,Caldas,Manizales,Central,"196,7469402",1,1,Cabecera,Apartamento
8409603,1,1,1,Caldas,Manizales,Central,"295,6625096",1,1,Cabecera,Casa
8409604,1,1,1,Caldas,Manizales,Central,"186,3287185",1,1,Cabecera,Casa
8409605,1,1,1,Caldas,Manizales,Central,"254,7836086",1,1,Cabecera,Casa
8409606,1,1,1,Caldas,Manizales,Central,"637,9481667",1,1,Cabecera,Casa
8409607,1,1,1,Caldas,Riosucio,Central,"127,7970036",1,1,Cabecera,Apartamento
8409609,1,1,1,Caldas,Riosucio,Central,"158,2757223",1,1,Cabecera,Apartamento
8409610,1,1,1,Caldas,Riosucio,Central,"177,1555189",1,1,Cabecera,Casa
8409611,1,1,1,Caldas,Riosucio,Central,"381,6697928",1,1,Cabecera,Apartamento
8409612,1,1,1,Caldas,Riosucio,Central,"357,5912866",1,1,Cabecera,Apartamento
8409613,1,1,1,Caldas,Riosucio,Central,"322,0832734",1,1,Cabecera,Casa
8409614,1,1,1,Caldas,Riosucio,Central,"291,5557782",1,1,Cabecera,Apartamento
8409615,1,1,1,Caldas,Riosucio,Central,"110,7574032",1,1,Cabecera,Casa
8409616,1,1,1,Caldas,Riosucio,Central,"290,3161596",1,1,Cabecera,Casa
8409617,1,1,1,Caldas,Riosucio,Central,"270,420482",1,1,Cabecera,Casa
8409618,1,1,1,Caldas,Riosucio,Central,"203,2078011",1,1,Cabecera,Apartamento
8409619,1,1,1,Caldas,Riosucio,Central,"110,7574032",1,1,Cabecera,Casa
8409620,1,1,1,Caldas,Riosucio,Central,"186,8554006",1,1,Cabecera,Casa
8409621,1,1,1,Caldas,Riosucio,Central,"296,0070308",1,1,Cabecera,Apartamento
8409622,1,1,1,Caldas,Riosucio,Central,"349,3755791",1,1,Cabecera,Apartamento
8409623,1,1,1,Caldas,Riosucio,Central,"127,7970036",1,1,Cabecera,Apartamento
8409624,1,1,1,Caldas,Riosucio,Central,"295,6486595",1,1,Cabecera,Apartamento
8409625,1,1,1,Caldas,Riosucio,Central,"212,3679097",1,1,Cabecera,Apartamento
8409626,1,1,1,Caldas,Riosucio,Central,"127,7970036",1,1,Cabecera,Apartamento
8409627,1,1,1,Caldas,Riosucio,Central,"127,7970036",1,1,Cabecera,Casa
8409628,1,1,1,Caldas,Riosucio,Central,"127,7970036",1,1,Cabecera,Casa
8409629,1,1,1,Caldas,Riosucio,Central,"194,1730085",1,1,Cabecera,Apartamento
8409630,1,1,1,Caldas,Riosucio,Central,"98,92434726",1,1,Cabecera,Apartamento
8409660,1,1,1,Caldas,Palestina,Central,"30,69703309",1,1,Centro poblado / Rural disperso,Casa
8409661,1,1,1,Caldas,Palestina,Central,"30,69703309",1,1,Centro poblado / Rural disperso,Casa
8409662,1,1,1,Caldas,Palestina,Central,"30,69703309",1,1,Centro poblado / Rural disperso,Casa
8409663,1,1,1,Caldas,Palestina,Central,"30,69703309",1,1,Centro poblado / Rural disperso,Casa
8409664,1,1,1,Caldas,Palestina,Central,"74,72837087",1,1,Centro poblado / Rural disperso,Casa
8409665,1,1,1,Caldas,Palestina,Central,"30,69703309",1,1,Centro poblado / Rural disperso,Casa
8409666,1,1,1,Caldas,Palestina,Central,"30,69703309",1,1,Centro poblado / Rural disperso,Casa
8409667,1,1,1,Caldas,Palestina,Central,"48,37699371",1,1,Centro poblado / Rural disperso,Casa
8409668,1,1,1,Caldas,Palestina,Central,"30,07821084",1,1,Centro poblado / Rural disperso,Casa
8409669,1,1,1,Caldas,Palestina,Central,"30,07821084",1,1,Centro poblado / Rural disperso,Casa
8409670,1,1,1,Caldas,Palestina,Central,"30,07821084",1,1,Centro poblado / Rural disperso,Casa
8409671,1,1,1,Caldas,Palestina,Central,"30,07821084",1,1,Centro poblado / Rural disperso,Casa
8409672,1,1,1,Caldas,Palestina,Central,"30,07821084",1,1,Centro poblado / Rural disperso,Casa
8409673,1,1,1,Caldas,Palestina,Central,"32,79068554",1,1,Centro poblado / Rural disperso,Casa
8409674,1,1,1,Caldas,Palestina,Central,"48,84297302",1,1,Centro poblado / Rural disperso,Casa
8409675,1,1,1,Caldas,Palestina,Central,"66,08762241",1,1,Centro poblado / Rural disperso,Casa
8409676,1,1,1,Caldas,Manizales,Central,"32,15670687",1,1,Centro poblado / Rural disperso,Casa
8409678,1,1,1,Caldas,Victoria,Central,"23,62709435",1,1,Centro poblado / Rural disperso,Casa
8409679,1,1,1,Caldas,Palestina,Central,"30,07821084",1,1,Centro poblado / Rural disperso,Casa
8409680,1,1,1,Caldas,Palestina,Central,"43,60142089",1,1,Centro poblado / Rural disperso,Casa
8409681,1,1,1,Caldas,Palestina,Central,"30,69703309",1,1,Centro poblado / Rural disperso,Casa
8409682,1,1,1,Caldas,Palestina,Central,"44,60498278",1,1,Centro poblado / Rural disperso,Casa
8409683,1,1,1,Caldas,Palestina,Central,"30,07821084",1,1,Centro poblado / Rural disperso,Casa
8409684,1,1,1,Caldas,Palestina,Central,"30,07821084",1,1,Centro poblado / Rural disperso,Casa
8409685,1,1,1,Caldas,Palestina,Central,"40,48581201",1,1,Centro poblado / Rural disperso,Casa
8409686,1,1,1,Caldas,Marquetalia,Central,"92,48206056",1,1,Cabecera,Casa
8409687,1,1,1,Caldas,Marquetalia,Central,"61,07982005",1,1,Cabecera,Casa
8409688,1,1,1,Caldas,Marquetalia,Central,"120,1384379",1,1,Cabecera,Apartamento
8409689,1,1,1,Caldas,Marquetalia,Central,"184,6535576",1,1,Cabecera,Casa
8409690,1,1,1,Caldas,Marquetalia,Central,"99,51509063",1,1,Cabecera,Casa
8409691,1,1,1,Caldas,Marquetalia,Central,"141,3035236",1,1,Cabecera,Apartamento
8409692,1,1,1,Caldas,Marquetalia,Central,"82,7896471",1,1,Cabecera,Casa
8409693,1,1,1,Caldas,Marquetalia,Central,"61,07982005",1,1,Cabecera,Casa
8409694,1,1,1,Caldas,Marquetalia,Central,"61,07982005",1,1,Cabecera,Apartamento
8409695,1,1,1,Caldas,Marquetalia,Central,"101,4999831",1,1,Cabecera,Apartamento
8409697,1,1,1,Caldas,Chinchiná,Central,"210,1178352",1,1,Cabecera,Apartamento
8409698,1,1,1,Caldas,Chinchiná,Central,"337,3455243",1,1,Cabecera,Apartamento
8409699,1,1,1,Caldas,Chinchiná,Central,"114,5236829",1,1,Cabecera,Apartamento
8409700,1,1,1,Caldas,Chinchiná,Central,"294,8204461",1,1,Cabecera,Apartamento
8409701,1,1,1,Caldas,Chinchiná,Central,"273,7316797",1,1,Cabecera,Apartamento
8409702,1,1,1,Caldas,Chinchiná,Central,"116,430966",1,1,Cabecera,Casa
8409703,1,1,1,Caldas,Chinchiná,Central,"212,4978775",1,1,Cabecera,Apartamento
8409704,1,1,1,Caldas,Chinchiná,Central,"137,975587",1,1,Cabecera,Apartamento
8409705,1,1,1,Caldas,Chinchiná,Central,"88,50622731",1,1,Cabecera,Casa
8409706,1,1,1,Caldas,Chinchiná,Central,"203,4354844",1,1,Cabecera,Casa
8409707,1,1,1,Caldas,Chinchiná,Central,"164,6233756",1,1,Cabecera,Casa
8409708,1,1,1,Caldas,Chinchiná,Central,"88,50622731",1,1,Cabecera,Apartamento
8409709,1,1,1,Caldas,Chinchiná,Central,"466,6995037",1,1,Cabecera,Casa
8409710,1,1,1,Caldas,Chinchiná,Central,"176,6595405",1,1,Cabecera,Casa
8409711,1,1,1,Caldas,Chinchiná,Central,"127,1948691",1,1,Cabecera,Casa
8409712,1,1,1,Caldas,Chinchiná,Central,"318,6041488",1,1,Cabecera,Casa
8409713,1,1,1,Caldas,Chinchiná,Central,"116,430966",1,1,Cabecera,Casa
8409714,1,1,1,Caldas,Chinchiná,Central,"255,0536565",1,1,Cabecera,Casa
8409715,1,1,1,Caldas,Chinchiná,Central,"84,00591066",1,1,Cabecera,Casa
8409716,1,1,1,Caldas,Chinchiná,Central,"386,4239399",1,1,Cabecera,Casa
8409717,1,1,1,Caldas,Chinchiná,Central,"193,8856061",1,1,Cabecera,Casa
8412270,1,1,1,Caldas,Manizales,Central,"411,0100794",1,1,Cabecera,Casa
8412272,1,1,1,Caldas,Manizales,Central,"184,9308555",1,1,Cabecera,Casa
8412273,1,1,1,Caldas,Manizales,Central,"213,9105902",1,1,Cabecera,Casa
8412274,1,1,1,Caldas,Manizales,Central,"280,0987575",1,1,Cabecera,Casa
8412275,1,1,1,Caldas,Manizales,Central,"331,9526538",1,1,Cabecera,Casa
8412277,1,1,1,Caldas,Manizales,Central,"194,1373423",1,1,Cabecera,Apartamento
8412279,1,1,1,Caldas,Manizales,Central,"195,3969937",1,1,Cabecera,Apartamento
8412280,1,1,1,Caldas,Manizales,Central,"503,007547",1,1,Cabecera,Casa
8412281,1,1,1,Caldas,Manizales,Central,"208,5390498",1,1,Cabecera,Apartamento
8412283,1,1,1,Caldas,Marquetalia,Central,"190,7442499",1,1,Cabecera,Casa
8412284,1,1,1,Caldas,Marquetalia,Central,"89,58373607",1,1,Cabecera,Casa
8412285,1,1,1,Caldas,Marquetalia,Central,"160,3452468",1,1,Cabecera,Casa
8412286,1,1,1,Caldas,Marquetalia,Central,"243,7794701",1,1,Cabecera,Casa
8412287,1,1,1,Caldas,Marquetalia,Central,"89,58373607",1,1,Cabecera,Casa
8412288,1,1,1,Caldas,Marquetalia,Central,"185,0553739",1,1,Cabecera,Apartamento
8412289,1,1,1,Caldas,Marquetalia,Central,"169,5617698",1,1,Cabecera,Apartamento
8412290,1,1,1,Caldas,Marquetalia,Central,"89,58373607",1,1,Cabecera,Casa
8412291,1,1,1,Caldas,Marquetalia,Central,"105,7473257",1,1,Cabecera,Casa
8412292,1,1,1,Caldas,Marquetalia,Central,"135,6403555",1,1,Cabecera,Apartamento
8412293,1,1,1,Caldas,Marquetalia,Central,"109,9462108",1,1,Cabecera,Apartamento
8413191,1,1,1,Caldas,Manizales,Central,"252,9766327",1,1,Cabecera,Casa
8413192,1,1,1,Caldas,Manizales,Central,"268,2866772",1,1,Cabecera,Casa
8413193,1,1,1,Caldas,Manizales,Central,"206,3197747",1,1,Cabecera,Casa
8413194,1,1,1,Caldas,Manizales,Central,"429,9098972",1,1,Cabecera,Casa
8413195,1,1,1,Caldas,Manizales,Central,"377,6260729",1,1,Cabecera,Casa
8413196,1,1,1,Caldas,Manizales,Central,"231,7701245",1,1,Cabecera,Casa
8413197,1,1,1,Caldas,Manizales,Central,"363,7480642",1,1,Cabecera,Casa
8413198,1,1,1,Caldas,Manizales,Central,"230,5047475",1,1,Cabecera,Casa
8413199,1,1,1,Caldas,Manizales,Central,"393,2153507",1,1,Cabecera,Casa
8413200,1,1,1,Caldas,Riosucio,Central,"285,1248421",1,1,Cabecera,Apartamento
8413201,1,1,1,Caldas,Manizales,Central,"105,2358702",1,1,Centro poblado / Rural disperso,Casa
8413202,1,1,1,Caldas,Victoria,Central,"65,04041942",1,1,Centro poblado / Rural disperso,Casa
8413204,1,1,1,Caldas,Chinchiná,Central,"114,5236829",1,1,Cabecera,Apartamento
8413205,1,1,1,Caldas,Chinchiná,Central,"433,3649398",1,1,Cabecera,Apartamento
8413206,1,1,1,Caldas,Chinchiná,Central,"114,5236829",1,1,Cabecera,Apartamento
8413207,1,1,1,Caldas,Chinchiná,Central,"114,5236829",1,1,Cabecera,Apartamento
8413208,1,1,1,Caldas,Chinchiná,Central,"103,10054",1,1,Cabecera,Apartamento
8413209,1,1,1,Caldas,Chinchiná,Central,"257,3767044",1,1,Cabecera,Casa
8413210,1,1,1,Caldas,Chinchiná,Central,"122,6683392",1,1,Cabecera,Apartamento
8413211,1,1,1,Caldas,Chinchiná,Central,"208,8354716",1,1,Cabecera,Casa
8413212,1,1,1,Caldas,Chinchiná,Central,"364,6995506",1,1,Cabecera,Casa
8413213,1,1,1,Caldas,Chinchiná,Central,"167,5222892",1,1,Cabecera,Casa
8413214,1,1,1,Caldas,Chinchiná,Central,"130,9598791",1,1,Cabecera,Casa
8413215,1,1,1,Caldas,Chinchiná,Central,"259,0534641",1,1,Cabecera,Apartamento
8413216,1,1,1,Caldas,Chinchiná,Central,"267,4613336",1,1,Cabecera,Casa
8413217,1,1,1,Caldas,Chinchiná,Central,"32,03248198",1,1,Centro poblado / Rural disperso,Apartamento
8413218,1,1,1,Caldas,Chinchiná,Central,"28,81207869",1,1,Centro poblado / Rural disperso,Casa
8413219,1,1,1,Caldas,Chinchiná,Central,"25,56440121",1,1,Centro poblado / Rural disperso,Casa
8413220,1,1,1,Caldas,Chinchiná,Central,"25,56440121",1,1,Centro poblado / Rural disperso,Casa
8413221,1,1,1,Caldas,Chinchiná,Central,"25,56440121",1,1,Centro poblado / Rural disperso,Casa
8413222,1,1,1,Caldas,Chinchiná,Central,"25,56440121",1,1,Centro poblado / Rural disperso,Casa
8413223,1,1,1,Caldas,Chinchiná,Central,"25,56440121",1,1,Centro poblado / Rural disperso,Apartamento
8413224,1,1,1,Caldas,Chinchiná,Central,"25,56440121",1,1,Centro poblado / Rural disperso,Casa
8413225,1,1,1,Caldas,Chinchiná,Central,"27,86981731",1,1,Centro poblado / Rural disperso,Casa
8415096,1,1,1,Caldas,Manizales,Central,"570,9408513",1,1,Cabecera,Casa
8415097,1,1,1,Caldas,Manizales,Central,"231,7701245",1,1,Cabecera,Casa
8415098,1,1,1,Caldas,Manizales,Central,"240,670452",1,1,Cabecera,Casa
8415099,1,1,1,Caldas,Manizales,Central,"196,2851618",1,1,Cabecera,Casa
8415100,1,1,1,Caldas,Manizales,Central,"333,1032385",1,1,Cabecera,Apartamento
8415101,1,1,1,Caldas,Manizales,Central,"229,189918",1,1,Cabecera,Casa
8415102,1,1,1,Caldas,Manizales,Central,"559,3066479",1,1,Cabecera,Casa
8415103,1,1,1,Caldas,Manizales,Central,"270,8923314",1,1,Cabecera,Casa
8415104,1,1,1,Caldas,Riosucio,Central,"127,7970036",1,1,Cabecera,Casa
8415105,1,1,1,Caldas,Riosucio,Central,"127,7970036",1,1,Cabecera,Apartamento
8415106,1,1,1,Caldas,Riosucio,Central,"127,7970036",1,1,Cabecera,Casa
8415107,1,1,1,Caldas,Riosucio,Central,"154,2167743",1,1,Cabecera,Apartamento
8415108,1,1,1,Caldas,Victoria,Central,"16,26010486",1,1,Centro poblado / Rural disperso,Casa
8415831,1,1,1,Caldas,Manizales,Central,"342,6011077",1,1,Cabecera,Casa
8415832,1,1,1,Caldas,Manizales,Central,"379,5829206",1,1,Cabecera,Casa
8415833,1,1,1,Caldas,Manizales,Central,"300,254873",1,1,Cabecera,Casa
8415834,1,1,1,Caldas,Manizales,Central,"208,2683829",1,1,Cabecera,Casa
8415835,1,1,1,Caldas,Manizales,Central,"158,1076751",1,1,Cabecera,Casa
8415836,1,1,1,Caldas,Manizales,Central,"316,6271995",1,1,Cabecera,Casa
8415837,1,1,1,Caldas,Manizales,Central,"205,3862011",1,1,Cabecera,Apartamento
8415838,1,1,1,Caldas,Manizales,Central,"250,5521481",1,1,Cabecera,Casa
8415839,1,1,1,Caldas,Manizales,Central,"238,36624",1,1,Cabecera,Casa
8415840,1,1,1,Caldas,Manizales,Central,"195,3969937",1,1,Cabecera,Apartamento
8415841,1,1,1,Caldas,Manizales,Central,"147,0766634",1,1,Cabecera,Apartamento
8415842,1,1,1,Caldas,Manizales,Central,"327,3406356",1,1,Cabecera,Casa
8415843,1,1,1,Caldas,Manizales,Central,"256,2083986",1,1,Cabecera,Casa
8415844,1,1,1,Caldas,Manizales,Central,"238,36624",1,1,Cabecera,Casa
8415845,1,1,1,Caldas,Manizales,Central,"238,36624",1,1,Cabecera,Casa
8415846,1,1,1,Caldas,Manizales,Central,"424,4007254",1,1,Cabecera,Casa
8415847,1,1,1,Caldas,Supía,Central,"122,9389854",1,1,Centro poblado / Rural disperso,Casa
8415848,1,1,1,Caldas,Supía,Central,"61,66354918",1,1,Centro poblado / Rural disperso,Casa
8415849,1,1,1,Caldas,Supía,Central,"61,66354918",1,1,Centro poblado / Rural disperso,Casa
8415850,1,1,1,Caldas,Supía,Central,"190,0043835",1,1,Centro poblado / Rural disperso,Casa
8415873,1,1,1,Caldas,Salamina,Central,"119,5995031",1,1,Cabecera,Casa
8415874,1,1,1,Caldas,Salamina,Central,"127,2146104",1,1,Cabecera,Apartamento
8415875,1,1,1,Caldas,Salamina,Central,"98,70099079",1,1,Cabecera,Casa
8415876,1,1,1,Caldas,Salamina,Central,"73,29765503",1,1,Cabecera,Casa
8415878,1,1,1,Caldas,Salamina,Central,"65,18711542",1,1,Cabecera,Apartamento
8415879,1,1,1,Caldas,Salamina,Central,"76,94882382",1,1,Cabecera,Apartamento
8415880,1,1,1,Caldas,Salamina,Central,"92,00798249",1,1,Cabecera,Apartamento
8415881,1,1,1,Caldas,Salamina,Central,"216,0253032",1,1,Cabecera,Apartamento
8415882,1,1,1,Caldas,Salamina,Central,"121,5105551",1,1,Cabecera,Casa
8415883,1,1,1,Caldas,Salamina,Central,"189,5645702",1,1,Cabecera,Casa
8415884,1,1,1,Caldas,Salamina,Central,"155,8086341",1,1,Cabecera,Casa
8415885,1,1,1,Caldas,Salamina,Central,"127,2146104",1,1,Cabecera,Apartamento
8415886,1,1,1,Caldas,Chinchiná,Central,"214,0646522",1,1,Cabecera,Casa
8415887,1,1,1,Caldas,Chinchiná,Central,"390,465793",1,1,Cabecera,Casa
8415888,1,1,1,Caldas,Chinchiná,Central,"178,3423321",1,1,Cabecera,Casa
8415889,1,1,1,Caldas,Chinchiná,Central,"489,7053665",1,1,Cabecera,Casa
8415890,1,1,1,Caldas,Chinchiná,Central,"151,6773387",1,1,Cabecera,Casa
8415891,1,1,1,Caldas,Chinchiná,Central,"328,5001151",1,1,Cabecera,Casa
8415892,1,1,1,Caldas,Chinchiná,Central,"151,6773387",1,1,Cabecera,Casa
8415893,1,1,1,Caldas,Chinchiná,Central,"313,3236886",1,1,Cabecera,Casa
8415894,1,1,1,Caldas,Chinchiná,Central,"313,3236886",1,1,Cabecera,Casa
8415896,1,1,1,Caldas,Chinchiná,Central,"343,6821642",1,1,Cabecera,Casa
8415898,1,1,1,Caldas,Chinchiná,Central,"226,8461592",1,1,Cabecera,Casa
8415900,1,1,1,Caldas,Chinchiná,Central,"136,5096048",1,1,Cabecera,Apartamento
8415901,1,1,1,Caldas,Chinchiná,Central,"381,1535579",1,1,Cabecera,Apartamento
8415902,1,1,1,Caldas,Chinchiná,Central,"268,5019482",1,1,Cabecera,Apartamento
8415903,1,1,1,Caldas,Chinchiná,Central,"206,6916623",1,1,Cabecera,Casa
8415904,1,1,1,Caldas,Chinchiná,Central,"205,7108041",1,1,Cabecera,Casa
8415905,1,1,1,Caldas,Chinchiná,Central,"357,8175643",1,1,Cabecera,Casa
8415906,1,1,1,Caldas,Chinchiná,Central,"116,430966",1,1,Cabecera,Casa
8415907,1,1,1,Caldas,Chinchiná,Central,"154,1265496",1,1,Cabecera,Casa
8415908,1,1,1,Caldas,Chinchiná,Central,"127,1948691",1,1,Cabecera,Apartamento
8415909,1,1,1,Caldas,Chinchiná,Central,"256,4727207",1,1,Cabecera,Apartamento
8415910,1,1,1,Caldas,Chinchiná,Central,"127,1948691",1,1,Cabecera,Casa
8415912,1,1,1,Caldas,Chinchiná,Central,"139,5976364",1,1,Cabecera,Cuarto(s)
8415913,1,1,1,Caldas,Chinchiná,Central,"116,430966",1,1,Cabecera,Casa
8415914,1,1,1,Caldas,Chinchiná,Central,"84,00591066",1,1,Cabecera,Casa
8415915,1,1,1,Caldas,Chinchiná,Central,"116,430966",1,1,Cabecera,Cuarto(s)
8419008,1,1,1,Caldas,Manizales,Central,"210,1405113",1,1,Cabecera,Apartamento
8419009,1,1,1,Caldas,Manizales,Central,"494,7115342",1,1,Cabecera,Apartamento
8419010,1,1,1,Caldas,Manizales,Central,"237,5849334",1,1,Cabecera,Casa
8419011,1,1,1,Caldas,Manizales,Central,"406,4884427",1,1,Cabecera,Casa
8419014,1,1,1,Caldas,Manizales,Central,"239,5814455",1,1,Cabecera,Apartamento
8419017,1,1,1,Caldas,Manizales,Central,"287,3091757",1,1,Cabecera,Casa
8419018,1,1,1,Caldas,Manizales,Central,"362,9266743",1,1,Cabecera,Casa
8419019,1,1,1,Caldas,Manizales,Central,"388,0601978",1,1,Cabecera,Casa
8419020,1,1,1,Caldas,Manizales,Central,"218,9156096",1,1,Cabecera,Casa
8419021,1,1,1,Caldas,Manizales,Central,"214,0015578",1,1,Cabecera,Casa
8419022,1,1,1,Caldas,Manizales,Central,"331,4602282",1,1,Cabecera,Casa
8419023,1,1,1,Caldas,Manizales,Central,"431,1539641",1,1,Cabecera,Casa
8419024,1,1,1,Caldas,Manizales,Central,"310,1093387",1,1,Cabecera,Casa
8419025,1,1,1,Caldas,Manizales,Central,"98,71538362",1,1,Cabecera,Casa
8419026,1,1,1,Caldas,Manizales,Central,"175,717393",1,1,Cabecera,Casa
8419027,1,1,1,Caldas,Manizales,Central,"184,3090969",1,1,Cabecera,Casa
8419028,1,1,1,Caldas,Manizales,Central,"193,2523476",1,1,Cabecera,Casa
8419029,1,1,1,Caldas,Manizales,Central,"403,520472",1,1,Cabecera,Casa
8419030,1,1,1,Caldas,Manizales,Central,"195,0197848",1,1,Cabecera,Casa
8419031,1,1,1,Caldas,Manizales,Central,"194,1373423",1,1,Cabecera,Apartamento
8419032,1,1,1,Caldas,Manizales,Central,"239,5814455",1,1,Cabecera,Apartamento
8419033,1,1,1,Caldas,Manizales,Central,"166,6460775",1,1,Cabecera,Apartamento
8419034,1,1,1,Caldas,Manizales,Central,"287,1458713",1,1,Cabecera,Casa
8419035,1,1,1,Caldas,Manizales,Central,"165,4262079",1,1,Cabecera,Casa
8419036,1,1,1,Caldas,Manizales,Central,"273,0538615",1,1,Cabecera,Casa
8419037,1,1,1,Caldas,Manizales,Central,"141,0733502",1,1,Cabecera,Casa
8419038,1,1,1,Caldas,Manizales,Central,"134,2120765",1,1,Cabecera,Casa
8419039,1,1,1,Caldas,Manizales,Central,"253,3953928",1,1,Cabecera,Casa
8419040,1,1,1,Caldas,Manizales,Central,"174,6070177",1,1,Cabecera,Casa
8419041,1,1,1,Caldas,Supía,Central,"69,16740985",1,1,Centro poblado / Rural disperso,Casa
8419042,1,1,1,Caldas,Supía,Central,"63,47572319",1,1,Centro poblado / Rural disperso,Casa
8419043,1,1,1,Caldas,Supía,Central,"61,66354918",1,1,Centro poblado / Rural disperso,Casa
8419044,1,1,1,Caldas,Supía,Central,"61,66354918",1,1,Centro poblado / Rural disperso,Casa
8419045,1,1,1,Caldas,Supía,Central,"61,66354918",1,1,Centro poblado / Rural disperso,Casa
8419046,1,1,1,Caldas,Supía,Central,"220,0201092",1,1,Centro poblado / Rural disperso,Casa
8419047,1,1,1,Caldas,Supía,Central,"61,66354918",1,1,Centro poblado / Rural disperso,Casa
8419048,1,1,1,Caldas,Supía,Central,"105,8059115",1,1,Centro poblado / Rural disperso,Casa
8419049,1,1,1,Caldas,Supía,Central,"45,18209301",1,1,Centro poblado / Rural disperso,Casa
8419050,1,1,1,Caldas,Supía,Central,"45,18209301",1,1,Centro poblado / Rural disperso,Cuarto(s)
8419051,1,1,1,Caldas,Supía,Central,"180,728372",1,1,Centro poblado / Rural disperso,Casa
8419052,1,1,1,Caldas,Supía,Central,"88,94285153",1,1,Centro poblado / Rural disperso,Cuarto(s)
8419053,1,1,1,Caldas,Supía,Central,"45,18209301",1,1,Centro poblado / Rural disperso,Casa
8419054,1,1,1,Caldas,Supía,Central,"45,18209301",1,1,Centro poblado / Rural disperso,Casa
8419055,1,1,1,Caldas,Supía,Central,"45,18209301",1,1,Centro poblado / Rural disperso,Casa
8419056,1,1,1,Caldas,Supía,Central,"45,18209301",1,1,Centro poblado / Rural disperso,Casa
8419057,1,1,1,Caldas,Supía,Central,"45,18209301",1,1,Centro poblado / Rural disperso,Casa
8419058,1,1,1,Caldas,Supía,Central,"90,41996584",1,1,Centro poblado / Rural disperso,Casa
8419059,1,1,1,Caldas,Supía,Central,"45,18209301",1,1,Centro poblado / Rural disperso,Casa
8419060,1,1,1,Caldas,Supía,Central,"65,65281",1,1,Centro poblado / Rural disperso,Casa
8419061,1,1,1,Caldas,Supía,Central,"45,18209301",1,1,Centro poblado / Rural disperso,Casa
8419062,1,1,1,Caldas,Supía,Central,"142,8709664",1,1,Centro poblado / Rural disperso,Apartamento
8419063,1,1,1,Caldas,Supía,Central,"45,18209301",1,1,Centro poblado / Rural disperso,Casa
8419064,1,1,1,Caldas,Supía,Central,"45,18209301",1,1,Centro poblado / Rural disperso,Casa
8419065,1,1,1,Caldas,Supía,Central,"149,4762195",1,1,Centro poblado / Rural disperso,Casa
8419066,1,1,1,Caldas,Supía,Central,"107,1759439",1,1,Centro poblado / Rural disperso,Casa
8419067,1,1,1,Caldas,Supía,Central,"114,8469639",1,1,Centro poblado / Rural disperso,Casa
8419068,1,1,1,Caldas,Supía,Central,"45,18209301",1,1,Centro poblado / Rural disperso,Casa
8419069,1,1,1,Caldas,Supía,Central,"45,18209301",1,1,Centro poblado / Rural disperso,Casa
8419070,1,1,1,Caldas,Supía,Central,"45,18209301",1,1,Centro poblado / Rural disperso,Casa
8419071,1,1,1,Caldas,Supía,Central,"45,18209301",1,1,Centro poblado / Rural disperso,Casa
8419072,1,1,1,Caldas,Supía,Central,"64,1756957",1,1,Centro poblado / Rural disperso,Casa
8419073,1,1,1,Caldas,Supía,Central,"45,18209301",1,1,Centro poblado / Rural disperso,Casa
8419074,1,1,1,Caldas,Supía,Central,"63,47572319",1,1,Centro poblado / Rural disperso,Casa
8419075,1,1,1,Caldas,Supía,Central,"151,5137051",1,1,Centro poblado / Rural disperso,Casa
8419097,1,1,1,Caldas,Salamina,Central,"267,8269487",1,1,Cabecera,Apartamento
8419098,1,1,1,Caldas,Salamina,Central,"84,01894876",1,1,Cabecera,Apartamento
8419099,1,1,1,Caldas,Salamina,Central,"127,2146104",1,1,Cabecera,Apartamento
8419100,1,1,1,Caldas,Salamina,Central,"108,325321",1,1,Cabecera,Casa
8419101,1,1,1,Caldas,Salamina,Central,"155,8086341",1,1,Cabecera,Casa
8419102,1,1,1,Caldas,Salamina,Central,"91,5267801",1,1,Centro poblado / Rural disperso,Casa
8419103,1,1,1,Caldas,Salamina,Central,"84,01894876",1,1,Cabecera,Apartamento
8419104,1,1,1,Caldas,Salamina,Central,"91,85419698",1,1,Cabecera,Casa
8419105,1,1,1,Caldas,Salamina,Central,"103,3162822",1,1,Cabecera,Casa
8419106,1,1,1,Caldas,Salamina,Central,"194,3714552",1,1,Cabecera,Apartamento
8419107,1,1,1,Caldas,Salamina,Central,"58,35223051",1,1,Centro poblado / Rural disperso,Casa
8419108,1,1,1,Caldas,Salamina,Central,"58,35223051",1,1,Centro poblado / Rural disperso,Casa
8419109,1,1,1,Caldas,Salamina,Central,"58,35223051",1,1,Centro poblado / Rural disperso,Casa
8419110,1,1,1,Caldas,Salamina,Central,"78,5431503",1,1,Centro poblado / Rural disperso,Casa
8419111,1,1,1,Caldas,Salamina,Central,"58,35223051",1,1,Centro poblado / Rural disperso,Casa
8419112,1,1,1,Caldas,Salamina,Central,"195,6784658",1,1,Centro poblado / Rural disperso,Casa
8419113,1,1,1,Caldas,Salamina,Central,"58,35223051",1,1,Centro poblado / Rural disperso,Casa
8419115,1,1,1,Caldas,Salamina,Central,"62,98849191",1,1,Centro poblado / Rural disperso,Casa
8419116,1,1,1,Caldas,Salamina,Central,"62,98849191",1,1,Centro poblado / Rural disperso,Casa
8419117,1,1,1,Caldas,Salamina,Central,"68,66883946",1,1,Centro poblado / Rural disperso,Casa
8419119,1,1,1,Caldas,Salamina,Central,"100,3460073",1,1,Cabecera,Apartamento
8419120,1,1,1,Caldas,Salamina,Central,"66,27356734",1,1,Cabecera,Casa
8419121,1,1,1,Caldas,Salamina,Central,"66,27356734",1,1,Cabecera,Casa
8419122,1,1,1,Caldas,Salamina,Central,"91,85419698",1,1,Cabecera,Casa
8419123,1,1,1,Caldas,Marquetalia,Central,"150,6879574",1,1,Cabecera,Apartamento
8419124,1,1,1,Caldas,Marquetalia,Central,"150,6879574",1,1,Cabecera,Apartamento
8419125,1,1,1,Caldas,Marquetalia,Central,"99,52193179",1,1,Cabecera,Apartamento
8419126,1,1,1,Caldas,Marquetalia,Central,"150,6879574",1,1,Cabecera,Apartamento
8419127,1,1,1,Caldas,Marquetalia,Central,"205,5849545",1,1,Cabecera,Apartamento
8419128,1,1,1,Caldas,Marquetalia,Central,"150,6879574",1,1,Cabecera,Casa
8419129,1,1,1,Caldas,Marquetalia,Central,"99,52193179",1,1,Cabecera,Apartamento
8419130,1,1,1,Caldas,Marquetalia,Central,"233,4144514",1,1,Cabecera,Apartamento
8419131,1,1,1,Caldas,Marquetalia,Central,"155,1483706",1,1,Cabecera,Apartamento
8419132,1,1,1,Caldas,Marquetalia,Central,"99,52193179",1,1,Cabecera,Apartamento
8419133,1,1,1,Caldas,Pácora,Central,"221,6656808",1,1,Cabecera,Apartamento
8419134,1,1,1,Caldas,Pácora,Central,"145,0784694",1,1,Cabecera,Casa
8419135,1,1,1,Caldas,Pácora,Central,"95,81714278",1,1,Cabecera,Casa
8419136,1,1,1,Caldas,Pácora,Central,"95,81714278",1,1,Cabecera,Casa
8419137,1,1,1,Caldas,Pácora,Central,"282,9312662",1,1,Cabecera,Casa
8419138,1,1,1,Caldas,Pácora,Central,"246,6638521",1,1,Cabecera,Apartamento
8419139,1,1,1,Caldas,Salamina,Central,"119,5995031",1,1,Cabecera,Apartamento
8419140,1,1,1,Caldas,Pácora,Central,"159,2250659",1,1,Cabecera,Apartamento
8419141,1,1,1,Caldas,Salamina,Central,"139,5312573",1,1,Cabecera,Apartamento
8419142,1,1,1,Caldas,Pácora,Central,"159,2250659",1,1,Cabecera,Apartamento
8419143,1,1,1,Caldas,Pácora,Central,"95,81714278",1,1,Cabecera,Apartamento
8419144,1,1,1,Caldas,Pácora,Central,"159,2250659",1,1,Cabecera,Apartamento
8419145,1,1,1,Caldas,Salamina,Central,"127,2146104",1,1,Cabecera,Apartamento
8419146,1,1,1,Caldas,Salamina,Central,"58,35223051",1,1,Centro poblado / Rural disperso,Casa
8419147,1,1,1,Caldas,Salamina,Central,"58,35223051",1,1,Centro poblado / Rural disperso,Casa
8419148,1,1,1,Caldas,Salamina,Central,"58,35223051",1,1,Centro poblado / Rural disperso,Casa
8419149,1,1,1,Caldas,Salamina,Central,"207,5453106",1,1,Cabecera,Apartamento
8419150,1,1,1,Caldas,Salamina,Central,"213,2849619",1,1,Centro poblado / Rural disperso,Casa
8419151,1,1,1,Caldas,Salamina,Central,"84,37762629",1,1,Centro poblado / Rural disperso,Casa
8419152,1,1,1,Caldas,Salamina,Central,"100,3460073",1,1,Cabecera,Casa
8419153,1,1,1,Caldas,Pácora,Central,"229,0197693",1,1,Cabecera,Apartamento
8419154,1,1,1,Caldas,Chinchiná,Central,"244,3375018",1,1,Cabecera,Casa
8419155,1,1,1,Caldas,Chinchiná,Central,"136,5096048",1,1,Cabecera,Apartamento
8421711,1,1,1,Caldas,Manizales,Central,"294,0152077",1,1,Cabecera,Casa
8421715,1,1,1,Caldas,Manizales,Central,"238,5914267",1,1,Cabecera,Casa
8421716,1,1,1,Caldas,Manizales,Central,"114,4639724",1,1,Cabecera,Casa
8421717,1,1,1,Caldas,Manizales,Central,"196,7349526",1,1,Cabecera,Casa
8421718,1,1,1,Caldas,Manizales,Central,"621,8998165",1,1,Cabecera,Casa
8421719,1,1,1,Caldas,Manizales,Central,"242,4698207",1,1,Cabecera,Casa
8421720,1,1,1,Caldas,Manizales,Central,"229,189918",1,1,Cabecera,Casa
8421721,1,1,1,Caldas,Manizales,Central,"209,708775",1,1,Cabecera,Apartamento
8421723,1,1,1,Caldas,Manizales,Central,"364,5266515",1,1,Cabecera,Apartamento
8421724,1,1,1,Caldas,Manizales,Central,"253,6994231",1,1,Cabecera,Apartamento
8421725,1,1,1,Caldas,Manizales,Central,"163,9457938",1,1,Cabecera,Apartamento
8421726,1,1,1,Caldas,Manizales,Central,"155,245365",1,1,Cabecera,Apartamento
8421727,1,1,1,Caldas,Manizales,Central,"441,7678115",1,1,Cabecera,Casa
8421729,1,1,1,Caldas,Manizales,Central,"215,913678",1,1,Cabecera,Apartamento
8421730,1,1,1,Caldas,Manizales,Central,"190,9915984",1,1,Cabecera,Casa
8421731,1,1,1,Caldas,Manizales,Central,"253,6994231",1,1,Cabecera,Apartamento
8421732,1,1,1,Caldas,Manizales,Central,"215,913678",1,1,Cabecera,Apartamento
8422651,1,1,1,Caldas,Manizales,Central,"278,3020433",1,1,Cabecera,Apartamento
8422652,1,1,1,Caldas,Manizales,Central,"249,2271691",1,1,Cabecera,Apartamento
8422653,1,1,1,Caldas,Manizales,Central,"141,3892213",1,1,Cabecera,Casa
8422654,1,1,1,Caldas,Manizales,Central,"165,1850342",1,1,Cabecera,Casa
8422655,1,1,1,Caldas,Manizales,Central,"361,4926213",1,1,Cabecera,Apartamento
8422656,1,1,1,Caldas,Manizales,Central,"226,9517522",1,1,Cabecera,Apartamento
8422657,1,1,1,Caldas,Manizales,Central,"368,5373628",1,1,Cabecera,Apartamento
8422658,1,1,1,Caldas,Manizales,Central,"278,3020433",1,1,Cabecera,Apartamento
8422659,1,1,1,Caldas,Manizales,Central,"280,1077935",1,1,Cabecera,Apartamento
8422660,1,1,1,Caldas,Manizales,Central,"384,6629589",1,1,Cabecera,Apartamento
8422661,1,1,1,Caldas,Manizales,Central,"278,3020433",1,1,Cabecera,Apartamento
8422662,1,1,1,Caldas,Anserma,Central,"277,727837",1,1,Cabecera,Casa
8422663,1,1,1,Caldas,Anserma,Central,"336,5327039",1,1,Cabecera,Casa
8422664,1,1,1,Caldas,Anserma,Central,"183,4254795",1,1,Cabecera,Casa
8422665,1,1,1,Caldas,Anserma,Central,"360,7811967",1,1,Cabecera,Casa
8422666,1,1,1,Caldas,Anserma,Central,"183,4254795",1,1,Cabecera,Apartamento
8422667,1,1,1,Caldas,Anserma,Central,"216,5209308",1,1,Cabecera,Casa
8422668,1,1,1,Caldas,Anserma,Central,"158,8806909",1,1,Centro poblado / Rural disperso,Casa
8422669,1,1,1,Caldas,Anserma,Central,"55,98469079",1,1,Centro poblado / Rural disperso,Casa
8422670,1,1,1,Caldas,Anserma,Central,"55,98469079",1,1,Centro poblado / Rural disperso,Casa
8422671,1,1,1,Caldas,Anserma,Central,"178,8602989",1,1,Centro poblado / Rural disperso,Casa
8422672,1,1,1,Caldas,Anserma,Central,"107,4539323",1,1,Centro poblado / Rural disperso,Casa
8422673,1,1,1,Caldas,Anserma,Central,"55,98469079",1,1,Centro poblado / Rural disperso,Casa
8422675,1,1,1,Caldas,Anserma,Central,"55,98469079",1,1,Centro poblado / Rural disperso,Casa
8422676,1,1,1,Caldas,Anserma,Central,"55,98469079",1,1,Centro poblado / Rural disperso,Casa
8422677,1,1,1,Caldas,Anserma,Central,"128,1593283",1,1,Centro poblado / Rural disperso,Casa
8422678,1,1,1,Caldas,Anserma,Central,"55,98469079",1,1,Centro poblado / Rural disperso,Casa
8422679,1,1,1,Caldas,Anserma,Central,"136,288244",1,1,Centro poblado / Rural disperso,Apartamento
8422680,1,1,1,Caldas,Anserma,Central,"189,5694322",1,1,Centro poblado / Rural disperso,Casa
8422682,1,1,1,Caldas,Anserma,Central,"79,51947863",1,1,Centro poblado / Rural disperso,Apartamento
8422683,1,1,1,Caldas,Anserma,Central,"55,98469079",1,1,Centro poblado / Rural disperso,Casa
8422684,1,1,1,Caldas,Anserma,Central,"55,98469079",1,1,Centro poblado / Rural disperso,Casa
8422706,1,1,1,Caldas,Pácora,Central,"38,83289841",1,1,Centro poblado / Rural disperso,Casa
8422707,1,1,1,Caldas,Pácora,Central,"131,4918489",1,1,Centro poblado / Rural disperso,Casa
8422708,1,1,1,Caldas,Pácora,Central,"38,83289841",1,1,Centro poblado / Rural disperso,Casa
8422709,1,1,1,Caldas,Pácora,Central,"38,83289841",1,1,Centro poblado / Rural disperso,Casa
8422710,1,1,1,Caldas,Pácora,Central,"124,0636274",1,1,Centro poblado / Rural disperso,Casa
8422711,1,1,1,Caldas,Pácora,Central,"91,51348031",1,1,Centro poblado / Rural disperso,Casa
8422712,1,1,1,Caldas,Pácora,Central,"38,83289841",1,1,Centro poblado / Rural disperso,Casa
8422713,1,1,1,Caldas,Pácora,Central,"38,83289841",1,1,Centro poblado / Rural disperso,Casa
8422714,1,1,1,Caldas,Pácora,Central,"130,2223055",1,1,Centro poblado / Rural disperso,Casa
8422715,1,1,1,Caldas,Pácora,Central,"38,83289841",1,1,Centro poblado / Rural disperso,Casa
8422717,1,1,1,Caldas,Chinchiná,Central,"119,0083734",1,1,Cabecera,Casa
8422718,1,1,1,Caldas,Chinchiná,Central,"218,3459452",1,1,Cabecera,Casa
8422720,1,1,1,Caldas,Chinchiná,Central,"119,0083734",1,1,Cabecera,Casa
8422722,1,1,1,Caldas,Chinchiná,Central,"164,9438685",1,1,Cabecera,Casa
8422724,1,1,1,Caldas,Chinchiná,Central,"119,0083734",1,1,Cabecera,Casa
8422725,1,1,1,Caldas,Chinchiná,Central,"119,0083734",1,1,Cabecera,Cuarto(s)
8422728,1,1,1,Caldas,Chinchiná,Central,"18,89256982",1,1,Centro poblado / Rural disperso,Casa
8422729,1,1,1,Caldas,Chinchiná,Central,"13,63434731",1,1,Centro poblado / Rural disperso,Casa
8422730,1,1,1,Caldas,Chinchiná,Central,"13,63434731",1,1,Centro poblado / Rural disperso,Casa
8422731,1,1,1,Caldas,Chinchiná,Central,"13,63434731",1,1,Centro poblado / Rural disperso,Casa
8422733,1,1,1,Caldas,Chinchiná,Central,"13,63434731",1,1,Centro poblado / Rural disperso,Casa
8422735,1,1,1,Caldas,Chinchiná,Central,"29,95728708",1,1,Centro poblado / Rural disperso,Casa
8422736,1,1,1,Caldas,Chinchiná,Central,"13,63434731",1,1,Centro poblado / Rural disperso,Casa
8424232,1,1,1,Caldas,Manizales,Central,"210,9284953",1,1,Cabecera,Apartamento
8424233,1,1,1,Caldas,Manizales,Central,"264,7374973",1,1,Cabecera,Apartamento
8424234,1,1,1,Caldas,Manizales,Central,"186,2657909",1,1,Cabecera,Apartamento
8424235,1,1,1,Caldas,Manizales,Central,"269,0510267",1,1,Cabecera,Casa
8424236,1,1,1,Caldas,Manizales,Central,"244,758109",1,1,Cabecera,Casa
8424237,1,1,1,Caldas,Manizales,Central,"157,7321748",1,1,Cabecera,Casa
8424238,1,1,1,Caldas,Manizales,Central,"146,6815475",1,1,Cabecera,Casa
8424239,1,1,1,Caldas,Manizales,Central,"270,1885436",1,1,Cabecera,Casa
8424240,1,1,1,Caldas,Manizales,Central,"245,8956259",1,1,Cabecera,Casa
8424241,1,1,1,Caldas,Manizales,Central,"258,9878252",1,1,Cabecera,Casa
8424242,1,1,1,Caldas,Manizales,Central,"242,6251049",1,1,Cabecera,Casa
8424244,1,1,1,Caldas,Supía,Central,"127,7285273",1,1,Centro poblado / Rural disperso,Cuarto(s)
8424245,1,1,1,Caldas,Anserma,Central,"625,8805472",1,1,Cabecera,Casa
8424246,1,1,1,Caldas,Anserma,Central,"193,3946433",1,1,Cabecera,Apartamento
8424247,1,1,1,Caldas,Anserma,Central,"254,2250373",1,1,Cabecera,Casa
8424248,1,1,1,Caldas,Anserma,Central,"55,98469079",1,1,Centro poblado / Rural disperso,Casa
8424249,1,1,1,Caldas,Anserma,Central,"55,98469079",1,1,Centro poblado / Rural disperso,Casa
8424250,1,1,1,Caldas,Anserma,Central,"55,98469079",1,1,Centro poblado / Rural disperso,Casa
8424251,1,1,1,Caldas,Anserma,Central,"328,3118685",1,1,Cabecera,Casa
8424252,1,1,1,Caldas,Anserma,Central,"184,8909362",1,1,Cabecera,Apartamento
8424253,1,1,1,Caldas,Anserma,Central,"254,2250373",1,1,Cabecera,Apartamento
8424254,1,1,1,Caldas,Anserma,Central,"146,7403836",1,1,Cabecera,Apartamento
8424255,1,1,1,Caldas,Anserma,Central,"146,7403836",1,1,Cabecera,Casa
8424256,1,1,1,Caldas,Anserma,Central,"184,8909362",1,1,Cabecera,Apartamento
8424257,1,1,1,Caldas,Anserma,Central,"183,4254795",1,1,Cabecera,Apartamento
8424260,1,1,1,Caldas,Manizales,Central,"66,26397995",1,1,Centro poblado / Rural disperso,Apartamento
8424261,1,1,1,Caldas,Marquetalia,Central,"141,3035236",1,1,Cabecera,Apartamento
8424262,1,1,1,Caldas,Pácora,Central,"117,1098412",1,1,Cabecera,Apartamento
8424263,1,1,1,Caldas,Pácora,Central,"117,1098412",1,1,Cabecera,Apartamento
8424266,1,1,1,Caldas,Pácora,Central,"241,9167407",1,1,Cabecera,Casa
8424267,1,1,1,Caldas,Pácora,Central,"177,3181292",1,1,Cabecera,Apartamento
8424268,1,1,1,Caldas,Pácora,Central,"194,6084139",1,1,Cabecera,Apartamento
8424269,1,1,1,Caldas,Pácora,Central,"270,924721",1,1,Cabecera,Apartamento
8424270,1,1,1,Caldas,Pácora,Central,"117,1098412",1,1,Cabecera,Apartamento
8424271,1,1,1,Caldas,Pácora,Central,"45,6373459",1,1,Centro poblado / Rural disperso,Casa
8424272,1,1,1,Caldas,Pácora,Central,"38,83289841",1,1,Centro poblado / Rural disperso,Casa
8424273,1,1,1,Caldas,Pácora,Central,"38,83289841",1,1,Centro poblado / Rural disperso,Casa
8424274,1,1,1,Caldas,Pácora,Central,"128,4711367",1,1,Centro poblado / Rural disperso,Casa
8424275,1,1,1,Caldas,Pácora,Central,"38,83289841",1,1,Centro poblado / Rural disperso,Casa
8424276,1,1,1,Caldas,Pácora,Central,"38,83289841",1,1,Centro poblado / Rural disperso,Casa
8424277,1,1,1,Caldas,Pácora,Central,"74,53372658",1,1,Centro poblado / Rural disperso,Casa
8424278,1,1,1,Caldas,Pácora,Central,"38,83289841",1,1,Centro poblado / Rural disperso,Casa
8424279,1,1,1,Caldas,Pácora,Central,"38,83289841",1,1,Centro poblado / Rural disperso,Casa
8424280,1,1,1,Caldas,Pácora,Central,"155,3315937",1,1,Centro poblado / Rural disperso,Casa
8424281,1,1,1,Caldas,Villamaría,Central,"49,78001588",1,1,Centro poblado / Rural disperso,Casa
8424282,1,1,1,Caldas,Villamaría,Central,"30,69469867",1,1,Centro poblado / Rural disperso,Casa
8426138,1,1,1,Caldas,Manizales,Central,"308,5518616",1,1,Cabecera,Apartamento
8426141,1,1,1,Caldas,Manizales,Central,"302,341156",1,1,Cabecera,Apartamento
8426142,1,1,1,Caldas,Manizales,Central,"194,6075109",1,1,Cabecera,Apartamento
8426144,1,1,1,Caldas,Manizales,Central,"258,7978739",1,1,Cabecera,Apartamento
8426145,1,1,1,Caldas,Manizales,Central,"209,708775",1,1,Cabecera,Apartamento
8426147,1,1,1,Caldas,Manizales,Central,"242,4698207",1,1,Cabecera,Casa
8426148,1,1,1,Caldas,Manizales,Central,"230,6770064",1,1,Cabecera,Casa
8426149,1,1,1,Caldas,Manizales,Central,"262,7451432",1,1,Cabecera,Apartamento
8426150,1,1,1,Caldas,Manizales,Central,"190,9915984",1,1,Cabecera,Casa
8426151,1,1,1,Caldas,Manizales,Central,"197,5869486",1,1,Cabecera,Casa
8426152,1,1,1,Caldas,Manizales,Central,"446,4963022",1,1,Cabecera,Casa
8426153,1,1,1,Caldas,Manizales,Central,"637,7327164",1,1,Cabecera,Apartamento
8426154,1,1,1,Caldas,Manizales,Central,"355,0941359",1,1,Cabecera,Apartamento
8426155,1,1,1,Caldas,Manizales,Central,"253,3001712",1,1,Cabecera,Apartamento
8426156,1,1,1,Caldas,Manizales,Central,"202,4909183",1,1,Cabecera,Apartamento
8426157,1,1,1,Caldas,Manizales,Central,"184,8683999",1,1,Cabecera,Apartamento
8426158,1,1,1,Caldas,Manizales,Central,"253,3001712",1,1,Cabecera,Apartamento
8426159,1,1,1,Caldas,Manizales,Central,"227,8446569",1,1,Cabecera,Apartamento
8426160,1,1,1,Caldas,Manizales,Central,"367,9180494",1,1,Cabecera,Casa
8426161,1,1,1,Caldas,Manizales,Central,"342,5266566",1,1,Cabecera,Casa
8426162,1,1,1,Caldas,Manizales,Central,"125,9103697",1,1,Cabecera,Casa
8426163,1,1,1,Caldas,Manizales,Central,"270,8244623",1,1,Cabecera,Casa
8426164,1,1,1,Caldas,Manizales,Central,"307,6135176",1,1,Cabecera,Casa
8426165,1,1,1,Caldas,Manizales,Central,"173,3710921",1,1,Cabecera,Cuarto(s)
8426166,1,1,1,Caldas,Manizales,Central,"136,960997",1,1,Cabecera,Casa
8426167,1,1,1,Caldas,Manizales,Central,"314,8317528",1,1,Cabecera,Apartamento
8426168,1,1,1,Caldas,Supía,Central,"266,7139131",1,1,Cabecera,Casa
8426169,1,1,1,Caldas,Anserma,Central,"201,9838815",1,1,Cabecera,Casa
8426170,1,1,1,Caldas,Anserma,Central,"201,9838815",1,1,Cabecera,Apartamento
8426171,1,1,1,Caldas,Anserma,Central,"285,1907985",1,1,Cabecera,Apartamento
8426172,1,1,1,Caldas,Anserma,Central,"183,4254795",1,1,Cabecera,Casa
8426173,1,1,1,Caldas,Anserma,Central,"700,8362376",1,1,Cabecera,Apartamento
8426174,1,1,1,Caldas,Anserma,Central,"301,2306368",1,1,Cabecera,Casa
8426175,1,1,1,Caldas,Anserma,Central,"222,1822696",1,1,Cabecera,Apartamento
8426176,1,1,1,Caldas,Anserma,Central,"337,2892725",1,1,Cabecera,Apartamento
8426177,1,1,1,Caldas,Anserma,Central,"240,9845094",1,1,Cabecera,Apartamento
8426178,1,1,1,Caldas,Anserma,Central,"240,9845094",1,1,Cabecera,Casa
8426179,1,1,1,Caldas,Anserma,Central,"146,7403836",1,1,Cabecera,Apartamento
8426180,1,1,1,Caldas,Anserma,Central,"407,9197829",1,1,Cabecera,Casa
8426181,1,1,1,Caldas,Anserma,Central,"146,7403836",1,1,Cabecera,Casa
8426182,1,1,1,Caldas,Anserma,Central,"304,8090688",1,1,Cabecera,Cuarto(s)
8426183,1,1,1,Caldas,Anserma,Central,"183,4254795",1,1,Cabecera,Casa
8426184,1,1,1,Caldas,Anserma,Central,"184,8909362",1,1,Cabecera,Apartamento
8426185,1,1,1,Caldas,Anserma,Central,"133,4003488",1,1,Cabecera,Apartamento
8426186,1,1,1,Caldas,Anserma,Central,"133,4003488",1,1,Cabecera,Apartamento
8426187,1,1,1,Caldas,Anserma,Central,"207,9626709",1,1,Cabecera,Apartamento
8426188,1,1,1,Caldas,Anserma,Central,"184,8909362",1,1,Cabecera,Apartamento
8426189,1,1,1,Caldas,Anserma,Central,"183,4254795",1,1,Cabecera,Casa
8426190,1,1,1,Caldas,Salamina,Central,"216,7368562",1,1,Centro poblado / Rural disperso,Casa
8426191,1,1,1,Caldas,Salamina,Central,"54,18421404",1,1,Centro poblado / Rural disperso,Casa
8426192,1,1,1,Caldas,Salamina,Central,"54,18421404",1,1,Centro poblado / Rural disperso,Casa
8426193,1,1,1,Caldas,Salamina,Central,"187,3470199",1,1,Centro poblado / Rural disperso,Casa
8426194,1,1,1,Caldas,Salamina,Central,"216,7368562",1,1,Centro poblado / Rural disperso,Casa
8426195,1,1,1,Caldas,Salamina,Central,"179,2579965",1,1,Centro poblado / Rural disperso,Casa
8426196,1,1,1,Caldas,Marulanda,Central,"4,780191175",1,1,Centro poblado / Rural disperso,Casa
8426197,1,1,1,Caldas,Marulanda,Central,"17,53907802",1,1,Centro poblado / Rural disperso,Casa
8426198,1,1,1,Caldas,Marulanda,Central,"4,384769505",1,1,Centro poblado / Rural disperso,Casa
8426199,1,1,1,Caldas,Marulanda,Central,"10,40106332",1,1,Centro poblado / Rural disperso,Casa
8426200,1,1,1,Caldas,Marulanda,Central,"4,780191175",1,1,Centro poblado / Rural disperso,Casa
8426201,1,1,1,Caldas,Marulanda,Central,"4,384769505",1,1,Centro poblado / Rural disperso,Casa
8426202,1,1,1,Caldas,Pácora,Central,"117,1098412",1,1,Cabecera,Casa
8426203,1,1,1,Caldas,Pácora,Central,"99,37606523",1,1,Cabecera,Casa
8426204,1,1,1,Caldas,Pácora,Central,"99,37606523",1,1,Cabecera,Casa
8426205,1,1,1,Caldas,Pácora,Central,"99,37606523",1,1,Cabecera,Casa
8426206,1,1,1,Caldas,Pácora,Central,"280,6507902",1,1,Cabecera,Casa
8426207,1,1,1,Caldas,Pácora,Central,"117,3064844",1,1,Cabecera,Casa
8426208,1,1,1,Caldas,Pácora,Central,"72,19743981",1,1,Centro poblado / Rural disperso,Casa
8426209,1,1,1,Caldas,Pácora,Central,"51,1292735",1,1,Centro poblado / Rural disperso,Casa
8426210,1,1,1,Caldas,Pácora,Central,"47,74640115",1,1,Centro poblado / Rural disperso,Casa
8426211,1,1,1,Caldas,Pácora,Central,"131,4357961",1,1,Centro poblado / Rural disperso,Casa
8426212,1,1,1,Caldas,Pácora,Central,"32,85894904",1,1,Centro poblado / Rural disperso,Casa
8426213,1,1,1,Caldas,Pácora,Central,"32,85894904",1,1,Centro poblado / Rural disperso,Casa
8426214,1,1,1,Caldas,Salamina,Central,"84,55751991",1,1,Centro poblado / Rural disperso,Casa
8426215,1,1,1,Caldas,Pácora,Central,"65,75846428",1,1,Centro poblado / Rural disperso,Casa
8426216,1,1,1,Caldas,Pácora,Central,"50,30241505",1,1,Centro poblado / Rural disperso,Casa
8426217,1,1,1,Caldas,Salamina,Central,"54,18421404",1,1,Centro poblado / Rural disperso,Casa
8426218,1,1,1,Caldas,Pácora,Central,"32,85894904",1,1,Centro poblado / Rural disperso,Casa
8426219,1,1,1,Caldas,Marulanda,Central,"4,384769505",1,1,Centro poblado / Rural disperso,Casa
8426220,1,1,1,Caldas,Marulanda,Central,"4,384769505",1,1,Centro poblado / Rural disperso,Casa
8426221,1,1,1,Caldas,Marulanda,Central,"14,34957367",1,1,Centro poblado / Rural disperso,Casa
8426222,1,1,1,Caldas,Marulanda,Central,"8,433872208",1,1,Centro poblado / Rural disperso,Casa
8426223,1,1,1,Caldas,Pácora,Central,"117,1098412",1,1,Cabecera,Casa
8426224,1,1,1,Caldas,Chinchiná,Central,"99,33553001",1,1,Cabecera,Apartamento
8426226,1,1,1,Caldas,Chinchiná,Central,"18,73153862",1,1,Centro poblado / Rural disperso,Casa
8426227,1,1,1,Caldas,Chinchiná,Central,"18,73153862",1,1,Centro poblado / Rural disperso,Casa
8426230,1,1,1,Caldas,Chinchiná,Central,"35,95228364",1,1,Centro poblado / Rural disperso,Casa
8426232,1,1,1,Caldas,Chinchiná,Central,"18,73153862",1,1,Centro poblado / Rural disperso,Casa
8426233,1,1,1,Caldas,Chinchiná,Central,"44,14268213",1,1,Centro poblado / Rural disperso,Casa
8426234,1,1,1,Caldas,Chinchiná,Central,"18,73153862",1,1,Centro poblado / Rural disperso,Casa
8426236,1,1,1,Caldas,Chinchiná,Central,"18,73153862",1,1,Centro poblado / Rural disperso,Casa
8426237,1,1,1,Caldas,Chinchiná,Central,"18,73153862",1,1,Centro poblado / Rural disperso,Casa
8426239,1,1,1,Caldas,Chinchiná,Central,"22,01374974",1,1,Centro poblado / Rural disperso,Casa
8426240,1,1,1,Caldas,Chinchiná,Central,"20,42076226",1,1,Centro poblado / Rural disperso,Casa
8426242,1,1,1,Caldas,Chinchiná,Central,"74,92615449",1,1,Centro poblado / Rural disperso,Casa
8426243,1,1,1,Caldas,Chinchiná,Central,"74,92615449",1,1,Centro poblado / Rural disperso,Casa
8426244,1,1,1,Caldas,Chinchiná,Central,"18,73153862",1,1,Centro poblado / Rural disperso,Casa
8426246,1,1,1,Caldas,Chinchiná,Central,"188,8048839",1,1,Cabecera,Casa
8426247,1,1,1,Caldas,Chinchiná,Central,"124,6962736",1,1,Cabecera,Casa
8426248,1,1,1,Caldas,Chinchiná,Central,"231,9696522",1,1,Cabecera,Casa
8426250,1,1,1,Caldas,Chinchiná,Central,"228,781597",1,1,Cabecera,Casa
8426251,1,1,1,Caldas,Chinchiná,Central,"124,6962736",1,1,Cabecera,Casa
8426253,1,1,1,Caldas,Chinchiná,Central,"228,781597",1,1,Cabecera,Casa
8426254,1,1,1,Caldas,Chinchiná,Central,"172,8272151",1,1,Cabecera,Casa
8426256,1,1,1,Caldas,Chinchiná,Central,"185,5049078",1,1,Cabecera,Casa
8426259,1,1,1,Caldas,Chinchiná,Central,"135,836127",1,1,Cabecera,Casa
8426261,1,1,1,Caldas,Chinchiná,Central,"329,3813277",1,1,Cabecera,Casa
8426262,1,1,1,Caldas,Chinchiná,Central,"252,3009739",1,1,Cabecera,Casa
8426263,1,1,1,Caldas,Chinchiná,Central,"98,00689577",1,1,Cabecera,Casa
8426264,1,1,1,Caldas,Chinchiná,Central,"98,00689577",1,1,Cabecera,Casa
8429584,1,1,1,Caldas,Manizales,Central,"206,0242939",3,3,Cabecera,Apartamento
8429585,1,1,1,Caldas,Manizales,Central,"136,960997",1,1,Cabecera,Apartamento
8429586,1,1,1,Caldas,Manizales,Central,"198,7371132",1,1,Cabecera,Apartamento
8429587,1,1,1,Caldas,Manizales,Central,"159,3553116",1,1,Cabecera,Casa
8429588,1,1,1,Caldas,Manizales,Central,"188,0529168",1,1,Cabecera,Casa
8429589,1,1,1,Caldas,Manizales,Central,"200,7095362",1,1,Cabecera,Apartamento
8429590,1,1,1,Caldas,Manizales,Central,"185,6438336",1,1,Cabecera,Apartamento
8429591,1,1,1,Caldas,Manizales,Central,"232,2357079",1,1,Cabecera,Apartamento
8429592,1,1,1,Caldas,Anserma,Central,"55,98469079",1,1,Centro poblado / Rural disperso,Casa
8429593,1,1,1,Caldas,Anserma,Central,"185,2145258",1,1,Centro poblado / Rural disperso,Casa
8429594,1,1,1,Caldas,Anserma,Central,"55,98469079",1,1,Centro poblado / Rural disperso,Casa
8429595,1,1,1,Caldas,Anserma,Central,"149,3429834",1,1,Centro poblado / Rural disperso,Casa
8429596,1,1,1,Caldas,Anserma,Central,"223,9387632",1,1,Centro poblado / Rural disperso,Casa
8429597,1,1,1,Caldas,Anserma,Central,"55,98469079",1,1,Centro poblado / Rural disperso,Casa
8429598,1,1,1,Caldas,Anserma,Central,"55,98469079",1,1,Centro poblado / Rural disperso,Casa
8429599,1,1,1,Caldas,Anserma,Central,"55,98469079",1,1,Centro poblado / Rural disperso,Casa
8429600,1,1,1,Caldas,Anserma,Central,"55,98469079",1,1,Centro poblado / Rural disperso,Casa
8429601,1,1,1,Caldas,Anserma,Central,"55,98469079",1,1,Centro poblado / Rural disperso,Casa
8429604,1,1,1,Caldas,Salamina,Central,"207,0769237",1,1,Cabecera,Apartamento
8429605,1,1,1,Caldas,Salamina,Central,"251,9539676",1,1,Centro poblado / Rural disperso,Casa
8430180,1,1,1,Caldas,Manizales,Central,"419,7438147",1,1,Cabecera,Casa
8430181,1,1,1,Caldas,Manizales,Central,"169,6670656",1,1,Cabecera,Casa
8430182,1,1,1,Caldas,Manizales,Central,"312,1178789",1,1,Cabecera,Apartamento
8430183,1,1,1,Caldas,Manizales,Central,"108,586922",1,1,Cabecera,Apartamento
8430184,1,1,1,Caldas,Manizales,Central,"184,3705728",1,1,Cabecera,Apartamento
8430185,1,1,1,Caldas,Manizales,Central,"170,7759122",1,1,Cabecera,Apartamento
8430186,1,1,1,Caldas,Manizales,Central,"263,9843836",1,1,Cabecera,Casa
8430187,1,1,1,Caldas,Manizales,Central,"549,7212925",1,1,Cabecera,Casa
8430188,1,1,1,Caldas,Manizales,Central,"112,8319597",1,1,Cabecera,Casa
8430189,1,1,1,Caldas,Manizales,Central,"122,0645472",1,1,Cabecera,Casa
8430190,1,1,1,Caldas,Manizales,Central,"260,2108444",1,1,Cabecera,Casa
8430191,1,1,1,Caldas,Manizales,Central,"113,5640647",1,1,Cabecera,Casa
8430192,1,1,1,Caldas,Manizales,Central,"259,373136",1,1,Cabecera,Casa
8430193,1,1,1,Caldas,Manizales,Central,"155,9538512",1,1,Cabecera,Casa
8430194,1,1,1,Caldas,Manizales,Central,"96,85413051",1,1,Cabecera,Casa
8430195,1,1,1,Caldas,Salamina,Central,"74,46331733",1,1,Centro poblado / Rural disperso,Casa
8431757,1,1,1,Caldas,Manizales,Central,"205,3862011",1,1,Cabecera,Apartamento
8431758,1,1,1,Caldas,Manizales,Central,"471,5089721",1,1,Cabecera,Apartamento
8431759,1,1,1,Caldas,Manizales,Central,"139,9760221",1,1,Cabecera,Casa
8431760,1,1,1,Caldas,Manizales,Central,"183,3953763",1,1,Cabecera,Casa
8431761,1,1,1,Caldas,Manizales,Central,"212,2604131",1,1,Cabecera,Casa
8431762,1,1,1,Caldas,Manizales,Central,"336,9477685",1,1,Cabecera,Casa
8431763,1,1,1,Caldas,Manizales,Central,"112,8319597",1,1,Cabecera,Casa
8431764,1,1,1,Caldas,Manizales,Central,"173,9087422",1,1,Cabecera,Casa
8431765,1,1,1,Caldas,Manizales,Central,"236,4439316",1,1,Cabecera,Casa
8431766,1,1,1,Caldas,Villamaría,Central,"197,840274",1,1,Cabecera,Apartamento
8431767,1,1,1,Caldas,Manizales,Central,"236,4439316",1,1,Cabecera,Casa
8431768,1,1,1,Caldas,Villamaría,Central,"292,6298776",1,1,Cabecera,Casa
8431769,1,1,1,Caldas,Manizales,Central,"254,1422019",1,1,Cabecera,Casa
8431770,1,1,1,Caldas,Anserma,Central,"183,4254795",1,1,Cabecera,Apartamento
8431771,1,1,1,Caldas,Anserma,Central,"258,9900992",1,1,Cabecera,Apartamento
8431772,1,1,1,Caldas,Anserma,Central,"146,7403836",1,1,Cabecera,Apartamento
8431773,1,1,1,Caldas,Anserma,Central,"176,1626919",1,1,Centro poblado / Rural disperso,Casa
8431774,1,1,1,Caldas,Anserma,Central,"55,98469079",1,1,Centro poblado / Rural disperso,Casa
8431775,1,1,1,Caldas,Anserma,Central,"55,98469079",1,1,Centro poblado / Rural disperso,Casa
8431776,1,1,1,Caldas,Anserma,Central,"55,98469079",1,1,Centro poblado / Rural disperso,Casa
8431777,1,1,1,Caldas,Anserma,Central,"209,1275539",1,1,Centro poblado / Rural disperso,Casa
8431778,1,1,1,Caldas,Anserma,Central,"81,34975656",1,1,Centro poblado / Rural disperso,Casa
8431779,1,1,1,Caldas,Anserma,Central,"75,35639932",1,1,Centro poblado / Rural disperso,Apartamento
8431780,1,1,1,Caldas,Anserma,Central,"55,98469079",1,1,Centro poblado / Rural disperso,Casa
8432489,1,1,1,Caldas,Manizales,Central,"303,1531843",1,1,Cabecera,Casa
8432490,1,1,1,Caldas,Manizales,Central,"196,4005548",1,1,Cabecera,Casa
8432491,1,1,1,Caldas,Manizales,Central,"123,6684389",1,1,Cabecera,Apartamento
8432492,1,1,1,Caldas,Manizales,Central,"197,5627036",1,1,Cabecera,Casa
8432493,1,1,1,Caldas,Manizales,Central,"283,9792012",1,1,Cabecera,Casa
8432494,1,1,1,Caldas,Manizales,Central,"197,4559294",1,1,Cabecera,Apartamento
8432495,1,1,1,Caldas,Manizales,Central,"474,5354217",1,1,Cabecera,Casa
8432496,1,1,1,Caldas,Villamaría,Central,"177,0869547",1,1,Cabecera,Apartamento
8432497,1,1,1,Caldas,Villamaría,Central,"343,3130262",1,1,Cabecera,Apartamento
8432498,1,1,1,Caldas,Villamaría,Central,"115,9791552",1,1,Cabecera,Casa
8432499,1,1,1,Caldas,Villamaría,Central,"207,5902063",1,1,Cabecera,Casa
8432500,1,1,1,Caldas,Anserma,Central,"277,727837",1,1,Cabecera,Casa
8432502,1,1,1,Caldas,Anserma,Central,"125,5791108",1,1,Centro poblado / Rural disperso,Casa
8432503,1,1,1,Caldas,Anserma,Central,"55,98469079",1,1,Centro poblado / Rural disperso,Casa
8432504,1,1,1,Caldas,Anserma,Central,"74,99552972",1,1,Centro poblado / Rural disperso,Casa
8432506,1,1,1,Caldas,Anserma,Central,"55,98469079",1,1,Centro poblado / Rural disperso,Casa
8432507,1,1,1,Caldas,Anserma,Central,"55,98469079",1,1,Centro poblado / Rural disperso,Casa
8432508,1,1,1,Caldas,Anserma,Central,"55,98469079",1,1,Centro poblado / Rural disperso,Casa
8432509,1,1,1,Caldas,Anserma,Central,"221,6669651",1,1,Centro poblado / Rural disperso,Casa
8432510,1,1,1,Caldas,Anserma,Central,"55,98469079",1,1,Centro poblado / Rural disperso,Casa
8432511,1,1,1,Caldas,Anserma,Central,"55,98469079",1,1,Centro poblado / Rural disperso,Casa
8432512,1,1,1,Caldas,Anserma,Central,"172,5060721",1,1,Centro poblado / Rural disperso,Casa
8432513,1,1,1,Caldas,Anserma,Central,"223,9387632",1,1,Centro poblado / Rural disperso,Casa
8432514,1,1,1,Caldas,Anserma,Central,"215,3127383",1,1,Centro poblado / Rural disperso,Casa
8432515,1,1,1,Caldas,Anserma,Central,"55,98469079",1,1,Centro poblado / Rural disperso,Apartamento
8432516,1,1,1,Caldas,Anserma,Central,"61,0334305",1,1,Centro poblado / Rural disperso,Casa
8432517,1,1,1,Caldas,Anserma,Central,"55,98469079",1,1,Centro poblado / Rural disperso,Casa
8432518,1,1,1,Caldas,Anserma,Central,"55,98469079",1,1,Centro poblado / Rural disperso,Casa
8432519,1,1,1,Caldas,Anserma,Central,"55,98469079",1,1,Centro poblado / Rural disperso,Cuarto(s)
8432520,1,1,1,Caldas,Anserma,Central,"55,98469079",1,1,Centro poblado / Rural disperso,Casa
8432521,1,1,1,Caldas,Anserma,Central,"55,98469079",1,1,Centro poblado / Rural disperso,Apartamento
8432564,1,1,1,Caldas,Pácora,Central,"99,37606523",1,1,Cabecera,Apartamento
8432565,1,1,1,Caldas,Pácora,Central,"99,37606523",1,1,Cabecera,Apartamento
8432566,1,1,1,Caldas,Pácora,Central,"130,0398067",1,1,Cabecera,Casa
8432567,1,1,1,Caldas,Pácora,Central,"99,37606523",1,1,Cabecera,Casa
8432568,1,1,1,Caldas,Pácora,Central,"101,2485405",1,1,Centro poblado / Rural disperso,Casa
8432569,1,1,1,Caldas,Chinchiná,Central,"180,1927313",1,1,Cabecera,Casa
8432570,1,1,1,Caldas,La Dorada,Central,"135,8381043",1,1,Cabecera,Apartamento
8432571,1,1,1,Caldas,La Dorada,Central,"135,8381043",1,1,Cabecera,Cuarto(s)
8432573,1,1,1,Caldas,La Dorada,Central,"366,4829121",1,1,Cabecera,Apartamento
8432574,1,1,1,Caldas,La Dorada,Central,"98,00832239",1,1,Cabecera,Casa
8432575,1,1,1,Caldas,La Dorada,Central,"148,3961741",1,1,Cabecera,Casa
8432577,1,1,1,Caldas,La Dorada,Central,"98,00832239",1,1,Cabecera,Apartamento
8432578,1,1,1,Caldas,La Dorada,Central,"98,00832239",1,1,Cabecera,Apartamento
8443847,1,1,1,Caldas,Manizales,Central,"464,2649662",1,1,Cabecera,Apartamento
8443848,1,1,1,Caldas,Manizales,Central,"262,7451432",1,1,Cabecera,Casa
8443849,1,1,1,Caldas,Manizales,Central,"424,2336906",1,1,Cabecera,Apartamento
8443850,1,1,1,Caldas,Manizales,Central,"255,3882792",1,1,Cabecera,Casa
8443851,1,1,1,Caldas,Manizales,Central,"176,7335582",1,1,Cabecera,Casa
8443852,1,1,1,Caldas,Manizales,Central,"453,2958663",1,1,Cabecera,Casa
8443853,1,1,1,Caldas,Manizales,Central,"185,6438336",1,1,Cabecera,Casa
8443854,1,1,1,Caldas,Manizales,Central,"197,1091903",1,1,Cabecera,Casa
8443855,1,1,1,Caldas,Manizales,Central,"197,4504105",1,1,Cabecera,Casa
8443856,1,1,1,Caldas,Manizales,Central,"167,0539847",1,1,Cabecera,Casa
8443857,1,1,1,Caldas,Manizales,Central,"112,8319597",1,1,Cabecera,Casa
8443858,1,1,1,Caldas,Villamaría,Central,"211,65706",1,1,Cabecera,Apartamento
8443859,1,1,1,Caldas,Villamaría,Central,"322,4074425",1,1,Cabecera,Casa
8443860,1,1,1,Caldas,Villamaría,Central,"232,8469262",1,1,Cabecera,Casa
8443861,1,1,1,Caldas,Villamaría,Central,"268,3089648",1,1,Cabecera,Casa
8443862,1,1,1,Caldas,Villamaría,Central,"115,9791552",1,1,Cabecera,Casa
8443864,1,1,1,Caldas,Villamaría,Central,"181,9198055",1,1,Cabecera,Apartamento
8443865,1,1,1,Caldas,Villamaría,Central,"142,3413357",1,1,Cabecera,Casa
8443866,1,1,1,Caldas,Villamaría,Central,"207,5902063",1,1,Cabecera,Casa
8443867,1,1,1,Caldas,Villamaría,Central,"197,840274",1,1,Cabecera,Apartamento
8443868,1,1,1,Caldas,Villamaría,Central,"160,7454162",1,1,Cabecera,Casa
8443869,1,1,1,Caldas,Villamaría,Central,"197,840274",1,1,Cabecera,Apartamento
8443870,1,1,1,Caldas,Villamaría,Central,"113,6727515",1,1,Cabecera,Casa
8443871,1,1,1,Caldas,Villamaría,Central,"262,9732751",1,1,Cabecera,Casa
8443872,1,1,1,Caldas,Villamaría,Central,"231,6252527",1,1,Cabecera,Casa
8443873,1,1,1,Caldas,Villamaría,Central,"292,6298776",1,1,Cabecera,Casa
8443874,1,1,1,Caldas,Manizales,Central,"250,0881764",1,1,Cabecera,Casa
8443875,1,1,1,Caldas,Villamaría,Central,"193,0074232",1,1,Cabecera,Apartamento
8443876,1,1,1,Caldas,Villamaría,Central,"257,7370478",1,1,Cabecera,Apartamento
8443877,1,1,1,Caldas,Villamaría,Central,"247,8563053",1,1,Cabecera,Apartamento
8443878,1,1,1,Caldas,Anserma,Central,"74,99552972",1,1,Centro poblado / Rural disperso,Casa
8443879,1,1,1,Caldas,Risaralda,Central,"94,75761604",1,1,Centro poblado / Rural disperso,Casa
8443880,1,1,1,Caldas,Risaralda,Central,"35,52209627",1,1,Centro poblado / Rural disperso,Casa
8443881,1,1,1,Caldas,Risaralda,Central,"47,58440904",1,1,Centro poblado / Rural disperso,Casa
8443882,1,1,1,Caldas,Risaralda,Central,"113,4862525",1,1,Centro poblado / Rural disperso,Casa
8443884,1,1,1,Caldas,Risaralda,Central,"35,52209627",1,1,Centro poblado / Rural disperso,Casa
8443885,1,1,1,Caldas,Risaralda,Central,"67,16356809",1,1,Centro poblado / Rural disperso,Casa
8443887,1,1,1,Caldas,Risaralda,Central,"35,52209627",1,1,Centro poblado / Rural disperso,Casa
8443891,1,1,1,Caldas,Salamina,Central,"62,52024697",1,1,Centro poblado / Rural disperso,Casa
8443892,1,1,1,Caldas,Salamina,Central,"62,52024697",1,1,Centro poblado / Rural disperso,Apartamento
8443893,1,1,1,Caldas,Salamina,Central,"223,9507861",1,1,Centro poblado / Rural disperso,Casa
8443894,1,1,1,Caldas,Salamina,Central,"62,52024697",1,1,Centro poblado / Rural disperso,Casa
8443895,1,1,1,Caldas,Salamina,Central,"241,1074418",1,1,Centro poblado / Rural disperso,Apartamento
8443896,1,1,1,Caldas,Marulanda,Central,"25,49237445",1,1,Centro poblado / Rural disperso,Casa
8443897,1,1,1,Caldas,Marulanda,Central,"8,221442821",1,1,Centro poblado / Rural disperso,Casa
8443898,1,1,1,Caldas,Salamina,Central,"62,52024697",1,1,Centro poblado / Rural disperso,Apartamento
8443899,1,1,1,Caldas,Salamina,Central,"62,52024697",1,1,Centro poblado / Rural disperso,Apartamento
8443900,1,1,1,Caldas,Salamina,Central,"62,52024697",1,1,Centro poblado / Rural disperso,Cuarto(s)
8443901,1,1,1,Caldas,Salamina,Central,"62,98849191",1,1,Centro poblado / Rural disperso,Casa
8443902,1,1,1,Caldas,Salamina,Central,"62,98849191",1,1,Centro poblado / Rural disperso,Casa
8443903,1,1,1,Caldas,Salamina,Central,"62,98849191",1,1,Centro poblado / Rural disperso,Casa
8443904,1,1,1,Caldas,Salamina,Central,"62,98849191",1,1,Centro poblado / Rural disperso,Casa
8443905,1,1,1,Caldas,Salamina,Central,"102,2848476",1,1,Centro poblado / Rural disperso,Casa
8443906,1,1,1,Caldas,Salamina,Central,"148,4384723",1,1,Centro poblado / Rural disperso,Casa
8443907,1,1,1,Caldas,Salamina,Central,"62,98849191",1,1,Centro poblado / Rural disperso,Casa
8443908,1,1,1,Caldas,Salamina,Central,"62,98849191",1,1,Centro poblado / Rural disperso,Casa
8443909,1,1,1,Caldas,Salamina,Central,"62,98849191",1,1,Centro poblado / Rural disperso,Casa
8443910,1,1,1,Caldas,Salamina,Central,"138,3978486",1,1,Centro poblado / Rural disperso,Casa
8443911,1,1,1,Caldas,Salamina,Central,"62,98849191",1,1,Centro poblado / Rural disperso,Casa
8443912,1,1,1,Caldas,Salamina,Central,"120,8966424",1,1,Centro poblado / Rural disperso,Casa
8443913,1,1,1,Caldas,Salamina,Central,"62,98849191",1,1,Centro poblado / Rural disperso,Casa
8443914,1,1,1,Caldas,Salamina,Central,"62,98849191",1,1,Centro poblado / Rural disperso,Casa
8443915,1,1,1,Caldas,Salamina,Central,"65,18711542",1,1,Cabecera,Casa
8443916,1,1,1,Caldas,Salamina,Central,"233,5620944",1,1,Cabecera,Casa
8443917,1,1,1,Caldas,Salamina,Central,"100,3460073",1,1,Cabecera,Casa
8443918,1,1,1,Caldas,Salamina,Central,"153,3381865",1,1,Centro poblado / Rural disperso,Casa
8443919,1,1,1,Caldas,Salamina,Central,"65,18711542",1,1,Cabecera,Apartamento
8443920,1,1,1,Caldas,Marulanda,Central,"25,99714627",1,1,Centro poblado / Rural disperso,Casa
8443921,1,1,1,Caldas,Marulanda,Central,"8,221442821",1,1,Centro poblado / Rural disperso,Casa
8443922,1,1,1,Caldas,Marulanda,Central,"20,01415012",1,1,Centro poblado / Rural disperso,Casa
8443923,1,1,1,Caldas,Marulanda,Central,"11,67756466",1,1,Centro poblado / Rural disperso,Casa
8443924,1,1,1,Caldas,Marulanda,Central,"8,221442821",1,1,Centro poblado / Rural disperso,Casa
8443925,1,1,1,Caldas,Salamina,Central,"216,7368562",1,1,Centro poblado / Rural disperso,Casa
8443926,1,1,1,Caldas,Salamina,Central,"62,52024697",1,1,Centro poblado / Rural disperso,Casa
8443927,1,1,1,Caldas,Pácora,Central,"290,409337",1,1,Cabecera,Apartamento
8443928,1,1,1,Caldas,Pácora,Central,"107,9083537",1,1,Cabecera,Casa
8443929,1,1,1,Caldas,Pácora,Central,"302,7188585",1,1,Cabecera,Apartamento
8443930,1,1,1,Caldas,Pácora,Central,"197,9806193",1,1,Cabecera,Apartamento
8443931,1,1,1,Caldas,Pácora,Central,"163,3859905",1,1,Cabecera,Apartamento
8443932,1,1,1,Caldas,Pácora,Central,"149,5594031",1,1,Cabecera,Apartamento
8443933,1,1,1,Caldas,Pácora,Central,"313,7982183",1,1,Cabecera,Apartamento
8443934,1,1,1,Caldas,Pácora,Central,"107,9083537",1,1,Cabecera,Apartamento
8443935,1,1,1,Caldas,Pácora,Central,"149,5594031",1,1,Cabecera,Apartamento
8443936,1,1,1,Caldas,Salamina,Central,"54,18421404",1,1,Centro poblado / Rural disperso,Casa
8443937,1,1,1,Caldas,Salamina,Central,"58,35223051",1,1,Centro poblado / Rural disperso,Casa
8443938,1,1,1,Caldas,Salamina,Central,"62,52024697",1,1,Centro poblado / Rural disperso,Apartamento
8443939,1,1,1,Caldas,Salamina,Central,"54,18421404",1,1,Centro poblado / Rural disperso,Casa
8443940,1,1,1,Caldas,Salamina,Central,"62,52024697",1,1,Centro poblado / Rural disperso,Casa
8443941,1,1,1,Caldas,Salamina,Central,"102,2848476",1,1,Centro poblado / Rural disperso,Casa
8443942,1,1,1,Caldas,Salamina,Central,"68,66883946",1,1,Centro poblado / Rural disperso,Casa
8443944,1,1,1,Caldas,Pácora,Central,"155,3315937",1,1,Centro poblado / Rural disperso,Casa
8443945,1,1,1,Caldas,Pácora,Central,"91,51348031",1,1,Centro poblado / Rural disperso,Casa
8443946,1,1,1,Caldas,Pácora,Central,"66,63175032",1,1,Centro poblado / Rural disperso,Casa
8443947,1,1,1,Caldas,Pácora,Central,"38,83289841",1,1,Centro poblado / Rural disperso,Casa
8443948,1,1,1,Caldas,Salamina,Central,"62,98849191",1,1,Centro poblado / Rural disperso,Casa
8443949,1,1,1,Caldas,Pácora,Central,"87,10597101",1,1,Centro poblado / Rural disperso,Casa
8443950,1,1,1,Caldas,Pácora,Central,"38,83289841",1,1,Centro poblado / Rural disperso,Casa
8443951,1,1,1,Caldas,Pácora,Central,"38,83289841",1,1,Centro poblado / Rural disperso,Casa
8443952,1,1,1,Caldas,Pácora,Central,"38,83289841",1,1,Centro poblado / Rural disperso,Casa
8443953,1,1,1,Caldas,Pácora,Central,"73,42348258",1,1,Centro poblado / Rural disperso,Casa
8443954,1,1,1,Caldas,Salamina,Central,"88,49169683",1,1,Centro poblado / Rural disperso,Casa
8443955,1,1,1,Caldas,Salamina,Central,"62,98849191",1,1,Centro poblado / Rural disperso,Casa
8443956,1,1,1,Caldas,Pácora,Central,"103,5894067",1,1,Centro poblado / Rural disperso,Casa
8443957,1,1,1,Caldas,Pácora,Central,"130,2223055",1,1,Centro poblado / Rural disperso,Casa
8443958,1,1,1,Caldas,Salamina,Central,"193,5171214",1,1,Centro poblado / Rural disperso,Casa
8443959,1,1,1,Caldas,Pácora,Central,"52,01946722",1,1,Centro poblado / Rural disperso,Casa
8443960,1,1,1,Caldas,Pácora,Central,"38,83289841",1,1,Centro poblado / Rural disperso,Casa
8443961,1,1,1,Caldas,Pácora,Central,"38,83289841",1,1,Centro poblado / Rural disperso,Casa
8443962,1,1,1,Caldas,Pácora,Central,"38,83289841",1,1,Centro poblado / Rural disperso,Casa
8443963,1,1,1,Caldas,Pácora,Central,"38,83289841",1,1,Centro poblado / Rural disperso,Casa
8443964,1,1,1,Caldas,Pácora,Central,"96,11298782",1,1,Centro poblado / Rural disperso,Casa
8443966,1,1,1,Caldas,Pácora,Central,"119,6561181",1,1,Centro poblado / Rural disperso,Casa
8443967,1,1,1,Caldas,Pácora,Central,"38,83289841",1,1,Centro poblado / Rural disperso,Casa
8443968,1,1,1,Caldas,Salamina,Central,"98,70099079",1,1,Cabecera,Casa
8443969,1,1,1,Caldas,Salamina,Central,"84,01894876",1,1,Cabecera,Casa
8443970,1,1,1,Caldas,Salamina,Central,"65,18711542",1,1,Cabecera,Casa
8443971,1,1,1,Caldas,Salamina,Central,"102,8400887",1,1,Cabecera,Casa
8443972,1,1,1,Caldas,Marulanda,Central,"27,56979989",1,1,Centro poblado / Rural disperso,Casa
8443973,1,1,1,Caldas,Marulanda,Central,"23,81942062",1,1,Centro poblado / Rural disperso,Casa
8443974,1,1,1,Caldas,Marulanda,Central,"25,33279702",1,1,Centro poblado / Rural disperso,Casa
8443975,1,1,1,Caldas,La Dorada,Central,"95,55811433",1,1,Cabecera,Casa
8443976,1,1,1,Caldas,La Dorada,Central,"228,4006459",1,1,Cabecera,Casa
8443977,1,1,1,Caldas,La Dorada,Central,"112,7996608",1,1,Cabecera,Casa
8443978,1,1,1,Caldas,La Dorada,Central,"277,8836393",1,1,Cabecera,Casa
8443979,1,1,1,Caldas,La Dorada,Central,"95,55811433",1,1,Cabecera,Casa
8443980,1,1,1,Caldas,La Dorada,Central,"148,9690309",1,1,Cabecera,Casa
8443981,1,1,1,Caldas,La Dorada,Central,"211,6237406",1,1,Cabecera,Casa
8443983,1,1,1,Caldas,La Dorada,Central,"95,55811433",1,1,Cabecera,Casa
8443985,1,1,1,Caldas,La Dorada,Central,"129,8610272",1,1,Cabecera,Casa
8443987,1,1,1,Caldas,La Dorada,Central,"215,7978208",1,1,Cabecera,Casa
8443988,1,1,1,Caldas,La Dorada,Central,"129,8610272",1,1,Cabecera,Casa
8443989,1,1,1,Caldas,La Dorada,Central,"268,2571859",1,1,Cabecera,Casa
8443991,1,1,1,Caldas,La Dorada,Central,"362,5898163",1,1,Cabecera,Casa
8443992,1,1,1,Caldas,La Dorada,Central,"277,6242369",1,1,Cabecera,Casa
8443993,1,1,1,Caldas,La Dorada,Central,"300,4236211",1,1,Cabecera,Casa
8443994,1,1,1,Caldas,La Dorada,Central,"146,0182539",1,1,Cabecera,Casa
8443996,1,1,1,Caldas,La Dorada,Central,"252,3046465",1,1,Cabecera,Casa
8443997,1,1,1,Caldas,La Dorada,Central,"281,1749559",1,1,Cabecera,Casa
8443998,1,1,1,Caldas,La Dorada,Central,"179,8169253",1,1,Cabecera,Casa
8443999,1,1,1,Caldas,La Dorada,Central,"202,4582535",1,1,Cabecera,Casa
8444000,1,1,1,Caldas,La Dorada,Central,"98,00832239",1,1,Cabecera,Casa
8444001,1,1,1,Caldas,La Dorada,Central,"135,8381043",1,1,Cabecera,Casa
8444003,1,1,1,Caldas,La Dorada,Central,"148,3961741",1,1,Cabecera,Casa
8444004,1,1,1,Caldas,La Dorada,Central,"212,2647026",1,1,Cabecera,Casa
8446140,1,1,1,Caldas,Manizales,Central,"243,6768548",1,1,Cabecera,Apartamento
8446141,1,1,1,Caldas,Villamaría,Central,"149,4533828",1,1,Cabecera,Apartamento
8446142,1,1,1,Caldas,Villamaría,Central,"377,5674428",1,1,Cabecera,Casa
8446143,1,1,1,Caldas,Manizales,Central,"169,4947284",1,1,Cabecera,Apartamento
8446144,1,1,1,Caldas,Villamaría,Central,"213,7176006",1,1,Cabecera,Casa
8446145,1,1,1,Caldas,Villamaría,Central,"244,2917651",1,1,Cabecera,Casa
8446966,1,1,1,Caldas,Manizales,Central,"236,4439316",1,1,Cabecera,Casa
8446967,1,1,1,Caldas,Manizales,Central,"428,7131445",1,1,Cabecera,Casa
8446968,1,1,1,Caldas,Manizales,Central,"147,6332841",1,1,Cabecera,Casa
8446969,1,1,1,Caldas,Manizales,Central,"203,1183467",1,1,Cabecera,Casa
8446970,1,1,1,Caldas,Manizales,Central,"228,5764135",1,1,Cabecera,Casa
8446971,1,1,1,Caldas,Manizales,Central,"155,1806853",1,1,Cabecera,Casa
8446972,1,1,1,Caldas,Manizales,Central,"147,6332841",1,1,Cabecera,Casa
8446973,1,1,1,Caldas,Manizales,Central,"126,8621062",1,1,Cabecera,Casa
8446974,1,1,1,Caldas,Manizales,Central,"136,960997",1,1,Cabecera,Casa
8446975,1,1,1,Caldas,Manizales,Central,"278,7349321",1,1,Cabecera,Casa
8446976,1,1,1,Caldas,Villamaría,Central,"154,7529083",1,1,Cabecera,Casa
8446977,1,1,1,Caldas,Villamaría,Central,"102,2066305",1,1,Cabecera,Casa
8446978,1,1,1,Caldas,Villamaría,Central,"157,5487744",1,1,Cabecera,Casa
8446979,1,1,1,Caldas,Risaralda,Central,"35,52209627",1,1,Centro poblado / Rural disperso,Casa
8446980,1,1,1,Caldas,Risaralda,Central,"123,0443346",1,1,Centro poblado / Rural disperso,Casa
8446981,1,1,1,Caldas,Risaralda,Central,"35,52209627",1,1,Centro poblado / Rural disperso,Casa
8446982,1,1,1,Caldas,Risaralda,Central,"142,0883851",1,1,Centro poblado / Rural disperso,Casa
8446984,1,1,1,Caldas,Risaralda,Central,"35,52209627",1,1,Centro poblado / Rural disperso,Casa
8446985,1,1,1,Caldas,Risaralda,Central,"35,52209627",1,1,Centro poblado / Rural disperso,Casa
8446986,1,1,1,Caldas,Risaralda,Central,"35,52209627",1,1,Centro poblado / Rural disperso,Cuarto(s)
8446987,1,1,1,Caldas,Risaralda,Central,"35,52209627",1,1,Centro poblado / Rural disperso,Casa
8446988,1,1,1,Caldas,Risaralda,Central,"35,52209627",1,1,Centro poblado / Rural disperso,Casa
8446989,1,1,1,Caldas,La Dorada,Central,"282,541561",1,1,Cabecera,Casa
8446990,1,1,1,Caldas,La Dorada,Central,"101,6382603",1,1,Cabecera,Casa
8446991,1,1,1,Caldas,La Dorada,Central,"300,2613305",1,1,Cabecera,Casa
8446992,1,1,1,Caldas,La Dorada,Central,"220,1263582",1,1,Cabecera,Casa
8446993,1,1,1,Caldas,La Dorada,Central,"242,9332606",1,1,Cabecera,Casa
8446994,1,1,1,Caldas,La Dorada,Central,"153,8923287",1,1,Cabecera,Casa
8446996,1,1,1,Caldas,La Dorada,Central,"101,6382603",1,1,Cabecera,Casa
8446997,1,1,1,Caldas,La Dorada,Central,"140,8691452",1,1,Cabecera,Casa
8446998,1,1,1,Caldas,La Dorada,Central,"301,7892072",1,1,Cabecera,Casa
8446999,1,1,1,Caldas,La Dorada,Central,"425,1277657",1,1,Cabecera,Casa
8447000,1,1,1,Caldas,La Dorada,Central,"254,6964455",1,1,Cabecera,Casa
8447001,1,1,1,Caldas,La Dorada,Central,"183,7656045",1,1,Cabecera,Casa
8447002,1,1,1,Caldas,La Dorada,Central,"183,7656045",1,1,Cabecera,Casa
8447003,1,1,1,Caldas,La Dorada,Central,"337,1567349",1,1,Cabecera,Casa
8447004,1,1,1,Caldas,La Dorada,Central,"278,2428264",1,1,Cabecera,Casa
8447005,1,1,1,Caldas,La Dorada,Central,"301,8274055",1,1,Cabecera,Casa
8447006,1,1,1,Caldas,La Dorada,Central,"183,7656045",1,1,Cabecera,Casa
8447007,1,1,1,Caldas,La Dorada,Central,"278,2428264",1,1,Cabecera,Casa
8448485,1,1,1,Caldas,Villamaría,Central,"182,9388693",1,1,Cabecera,Casa
8448486,1,1,1,Caldas,Villamaría,Central,"172,1139696",1,1,Cabecera,Casa
8448487,1,1,1,Caldas,Villamaría,Central,"172,1139696",1,1,Cabecera,Casa
8448488,1,1,1,Caldas,Villamaría,Central,"362,3712706",1,1,Cabecera,Casa
8448490,1,1,1,Caldas,Villamaría,Central,"211,6681116",1,1,Cabecera,Casa
8448492,1,1,1,Caldas,Risaralda,Central,"35,52209627",1,1,Centro poblado / Rural disperso,Casa
8448493,1,1,1,Caldas,Risaralda,Central,"35,52209627",1,1,Centro poblado / Rural disperso,Casa
8448495,1,1,1,Caldas,Risaralda,Central,"35,52209627",1,1,Centro poblado / Rural disperso,Casa
8448496,1,1,1,Caldas,Risaralda,Central,"35,52209627",1,1,Centro poblado / Rural disperso,Casa
8448497,1,1,1,Caldas,Risaralda,Central,"98,41466293",1,1,Centro poblado / Rural disperso,Casa
8448498,1,1,1,Caldas,Risaralda,Central,"35,52209627",1,1,Centro poblado / Rural disperso,Casa
8448499,1,1,1,Caldas,Risaralda,Central,"35,52209627",1,1,Centro poblado / Rural disperso,Casa
8448500,1,1,1,Caldas,Risaralda,Central,"35,52209627",1,1,Centro poblado / Rural disperso,Casa
8448501,1,1,1,Caldas,Risaralda,Central,"35,52209627",1,1,Centro poblado / Rural disperso,Casa
8449360,1,1,1,Caldas,Manizales,Central,"218,9156096",1,1,Cabecera,Apartamento
8449361,1,1,1,Caldas,Manizales,Central,"147,6332841",1,1,Cabecera,Casa
8449362,1,1,1,Caldas,Manizales,Central,"186,4368408",1,1,Cabecera,Casa
8449363,1,1,1,Caldas,Manizales,Central,"148,9734467",1,1,Cabecera,Casa
8449364,1,1,1,Caldas,Manizales,Central,"272,4356287",1,1,Cabecera,Casa
8449365,1,1,1,Caldas,Manizales,Central,"150,3243059",1,1,Cabecera,Casa
8449366,1,1,1,Caldas,Manizales,Central,"205,8076797",1,1,Cabecera,Casa
8449367,1,1,1,Caldas,Manizales,Central,"110,2835926",1,1,Cabecera,Casa
8449369,1,1,1,Caldas,Manizales,Central,"258,2878812",1,1,Cabecera,Casa
8449370,1,1,1,Caldas,Villamaría,Central,"234,8166582",1,1,Cabecera,Casa
8449372,1,1,1,Caldas,Manizales,Central,"238,3852517",1,1,Cabecera,Casa
8449373,1,1,1,Caldas,Manizales,Central,"264,0931142",1,1,Cabecera,Casa
8449374,1,1,1,Caldas,Manizales,Central,"267,0811947",1,1,Cabecera,Casa
8449375,1,1,1,Caldas,Manizales,Central,"202,9957657",1,1,Cabecera,Casa
8449376,1,1,1,Caldas,Villamaría,Central,"191,7737949",1,1,Cabecera,Casa
8449377,1,1,1,Caldas,Villamaría,Central,"177,2085997",1,1,Cabecera,Casa
8449378,1,1,1,Caldas,Villamaría,Central,"250,220338",1,1,Cabecera,Casa
8449379,1,1,1,Caldas,Villamaría,Central,"197,3146952",1,1,Cabecera,Casa
8449380,1,1,1,Caldas,Villamaría,Central,"115,9791552",1,1,Cabecera,Casa
8449381,1,1,1,Caldas,Villamaría,Central,"268,3089648",1,1,Cabecera,Casa
8449382,1,1,1,Caldas,Anserma,Central,"138,5643649",1,1,Centro poblado / Rural disperso,Casa
8449383,1,1,1,Caldas,Anserma,Central,"123,0091486",1,1,Centro poblado / Rural disperso,Casa
8449384,1,1,1,Caldas,Risaralda,Central,"35,52209627",1,1,Centro poblado / Rural disperso,Casa
8449385,1,1,1,Caldas,Pácora,Central,"99,37606523",1,1,Cabecera,Casa
8449386,1,1,1,Caldas,Chinchiná,Central,"181,888721",1,1,Cabecera,Apartamento
8449387,1,1,1,Caldas,Chinchiná,Central,"271,4861131",1,1,Cabecera,Casa
8449388,1,1,1,Caldas,Chinchiná,Central,"119,0083734",1,1,Cabecera,Apartamento
8449389,1,1,1,Caldas,Chinchiná,Central,"119,0083734",1,1,Cabecera,Apartamento
8449390,1,1,1,Caldas,Chinchiná,Central,"119,0083734",1,1,Cabecera,Casa
8449391,1,1,1,Caldas,Chinchiná,Central,"13,63434731",1,1,Centro poblado / Rural disperso,Casa
8449392,1,1,1,Caldas,Chinchiná,Central,"13,63434731",1,1,Centro poblado / Rural disperso,Casa
8449393,1,1,1,Caldas,Chinchiná,Central,"13,63434731",1,1,Centro poblado / Rural disperso,Apartamento
8449394,1,1,1,Caldas,Chinchiná,Central,"18,73153862",1,1,Centro poblado / Rural disperso,Casa
8449395,1,1,1,Caldas,Chinchiná,Central,"35,41674343",1,1,Centro poblado / Rural disperso,Casa
8449396,1,1,1,Caldas,Chinchiná,Central,"74,92615449",1,1,Centro poblado / Rural disperso,Casa
8449397,1,1,1,Caldas,Chinchiná,Central,"18,73153862",1,1,Centro poblado / Rural disperso,Casa
8449398,1,1,1,Caldas,Chinchiná,Central,"20,42076226",1,1,Centro poblado / Rural disperso,Casa
8449399,1,1,1,Caldas,Chinchiná,Central,"18,73153862",1,1,Centro poblado / Rural disperso,Casa
8449401,1,1,1,Caldas,Chinchiná,Central,"124,6962736",1,1,Cabecera,Apartamento
8449402,1,1,1,Caldas,Chinchiná,Central,"194,3935706",1,1,Cabecera,Apartamento
8449403,1,1,1,Caldas,Chinchiná,Central,"124,6962736",1,1,Cabecera,Apartamento
8449404,1,1,1,Caldas,Chinchiná,Central,"150,2507649",1,1,Cabecera,Casa
8449405,1,1,1,Caldas,Chinchiná,Central,"202,833369",1,1,Cabecera,Casa
8449406,1,1,1,Caldas,Chinchiná,Central,"306,740329",1,1,Cabecera,Casa
8449408,1,1,1,Caldas,La Dorada,Central,"134,1488913",1,1,Cabecera,Cuarto(s)
8449409,1,1,1,Caldas,La Dorada,Central,"185,9284052",1,1,Cabecera,Cuarto(s)
8449410,1,1,1,Caldas,La Dorada,Central,"140,543512",1,1,Cabecera,Casa
8449411,1,1,1,Caldas,La Dorada,Central,"185,9284052",1,1,Cabecera,Cuarto(s)
8449412,1,1,1,Caldas,La Dorada,Central,"185,9284052",1,1,Cabecera,Casa
8449413,1,1,1,Caldas,La Dorada,Central,"134,1488913",1,1,Cabecera,Casa
8449414,1,1,1,Caldas,La Dorada,Central,"203,1172632",1,1,Cabecera,Casa
8449415,1,1,1,Caldas,La Dorada,Central,"203,1172632",1,1,Cabecera,Casa
8449416,1,1,1,Caldas,La Dorada,Central,"144,8272735",1,1,Cabecera,Casa
8449417,1,1,1,Caldas,La Dorada,Central,"134,1488913",1,1,Cabecera,Casa
8452362,1,1,1,Caldas,Manizales,Central,"184,5416051",1,1,Cabecera,Casa
8452364,1,1,1,Caldas,Manizales,Central,"119,3697579",1,1,Cabecera,Casa
8452365,1,1,1,Caldas,Villamaría,Central,"349,4041821",1,1,Cabecera,Casa
8452366,1,1,1,Caldas,Villamaría,Central,"297,9578406",1,1,Cabecera,Casa
8452367,1,1,1,Caldas,Villamaría,Central,"298,5672954",1,1,Cabecera,Casa
8452368,1,1,1,Caldas,Villamaría,Central,"325,40353",1,1,Cabecera,Casa
8452369,1,1,1,Caldas,Villamaría,Central,"172,4296556",1,1,Cabecera,Casa
8452370,1,1,1,Caldas,Manizales,Central,"148,9734467",1,1,Cabecera,Casa
8452371,1,1,1,Caldas,Manizales,Central,"280,2500767",1,1,Cabecera,Casa
8452372,1,1,1,Caldas,Villamaría,Central,"223,1218174",1,1,Cabecera,Casa
8452373,1,1,1,Caldas,Manizales,Central,"314,1569951",1,1,Cabecera,Casa
8452374,1,1,1,Caldas,Manizales,Central,"417,5911711",1,1,Cabecera,Casa
8452375,1,1,1,Caldas,Manizales,Central,"237,2121873",1,1,Cabecera,Casa
8452377,1,1,1,Caldas,Manizales,Central,"237,2121873",1,1,Cabecera,Casa
8452379,1,1,1,Caldas,Manizales,Central,"184,5416051",1,1,Cabecera,Casa
8452380,1,1,1,Caldas,Manizales,Central,"184,5416051",1,1,Cabecera,Casa
8452381,1,1,1,Caldas,Manizales,Central,"158,5776328",1,1,Cabecera,Casa
8452382,1,1,1,Caldas,Manizales,Central,"186,2042011",1,1,Cabecera,Casa
8452383,1,1,1,Caldas,Manizales,Central,"184,5416051",1,1,Cabecera,Casa
8452384,1,1,1,Caldas,Manizales,Central,"184,5416051",1,1,Cabecera,Casa
8452385,1,1,1,Caldas,Villamaría,Central,"193,7556355",1,1,Cabecera,Casa
8452386,1,1,1,Caldas,Villamaría,Central,"282,5234598",1,1,Cabecera,Casa
8452387,1,1,1,Caldas,Villamaría,Central,"232,3078619",1,1,Cabecera,Casa
8452388,1,1,1,Caldas,Villamaría,Central,"212,7882058",1,1,Cabecera,Casa
8452390,1,1,1,Caldas,Villamaría,Central,"325,40353",1,1,Cabecera,Casa
8452391,1,1,1,Caldas,Villamaría,Central,"411,7895615",1,1,Cabecera,Casa
8452392,1,1,1,Caldas,Villamaría,Central,"229,6096463",1,1,Cabecera,Casa
8452393,1,1,1,Caldas,Risaralda,Central,"35,52209627",1,1,Centro poblado / Rural disperso,Casa
8452394,1,1,1,Caldas,Risaralda,Central,"127,8683137",1,1,Centro poblado / Rural disperso,Casa
8452395,1,1,1,Caldas,Risaralda,Central,"137,8837636",1,1,Centro poblado / Rural disperso,Casa
8452396,1,1,1,Caldas,Risaralda,Central,"35,52209627",1,1,Centro poblado / Rural disperso,Casa
8452397,1,1,1,Caldas,Risaralda,Central,"35,52209627",1,1,Centro poblado / Rural disperso,Casa
8452399,1,1,1,Caldas,Risaralda,Central,"35,52209627",1,1,Centro poblado / Rural disperso,Casa
8452400,1,1,1,Caldas,Risaralda,Central,"57,13279414",1,1,Centro poblado / Rural disperso,Casa
8452401,1,1,1,Caldas,Risaralda,Central,"38,72550448",1,1,Centro poblado / Rural disperso,Casa
8452402,1,1,1,Caldas,Risaralda,Central,"51,6161444",1,1,Centro poblado / Rural disperso,Casa
8452403,1,1,1,Caldas,Marulanda,Central,"15,94397075",1,1,Centro poblado / Rural disperso,Casa
8452404,1,1,1,Caldas,Marulanda,Central,"10,70464792",1,1,Centro poblado / Rural disperso,Casa
8452405,1,1,1,Caldas,Marulanda,Central,"4,871966116",1,1,Centro poblado / Rural disperso,Casa
8452406,1,1,1,Caldas,Marulanda,Central,"4,871966116",1,1,Centro poblado / Rural disperso,Casa
8452407,1,1,1,Caldas,Marulanda,Central,"19,48786447",1,1,Centro poblado / Rural disperso,Casa
8452408,1,1,1,Caldas,Marulanda,Central,"4,871966116",1,1,Centro poblado / Rural disperso,Casa
8452409,1,1,1,Caldas,Marulanda,Central,"15,56499292",1,1,Centro poblado / Rural disperso,Casa
8452410,1,1,1,Caldas,Marulanda,Central,"3,989492769",1,1,Centro poblado / Rural disperso,Casa
8452411,1,1,1,Caldas,Marulanda,Central,"11,1357133",1,1,Centro poblado / Rural disperso,Casa
8452412,1,1,1,Caldas,Marulanda,Central,"3,989492769",1,1,Centro poblado / Rural disperso,Casa
8452413,1,1,1,Caldas,Marulanda,Central,"3,989492769",1,1,Centro poblado / Rural disperso,Casa
8452414,1,1,1,Caldas,Marulanda,Central,"5,984239153",1,1,Centro poblado / Rural disperso,Casa
8452416,1,1,1,Caldas,Marulanda,Central,"8,695527142",1,1,Centro poblado / Rural disperso,Casa
8452417,1,1,1,Caldas,Marulanda,Central,"5,984239153",1,1,Centro poblado / Rural disperso,Apartamento
8452418,1,1,1,Caldas,Marulanda,Central,"5,984239153",1,1,Centro poblado / Rural disperso,Apartamento
8452419,1,1,1,Caldas,Marulanda,Central,"13,69903199",1,1,Centro poblado / Rural disperso,Casa
8452420,1,1,1,Caldas,Marulanda,Central,"5,984239153",1,1,Centro poblado / Rural disperso,Casa
8452421,1,1,1,Caldas,Marulanda,Central,"5,984239153",1,1,Centro poblado / Rural disperso,Casa
8452422,1,1,1,Caldas,Marulanda,Central,"5,984239153",1,1,Centro poblado / Rural disperso,Casa
8452423,1,1,1,Caldas,Marulanda,Central,"5,755009975",1,1,Centro poblado / Rural disperso,Casa
8452424,1,1,1,Caldas,Marulanda,Central,"5,755009975",1,1,Centro poblado / Rural disperso,Casa
8452425,1,1,1,Caldas,Marulanda,Central,"5,755009975",1,1,Centro poblado / Rural disperso,Casa
8452427,1,1,1,Caldas,Marulanda,Central,"5,755009975",1,1,Centro poblado / Rural disperso,Casa
8452428,1,1,1,Caldas,Marulanda,Central,"5,755009975",1,1,Centro poblado / Rural disperso,Casa
8452429,1,1,1,Caldas,Marulanda,Central,"5,755009975",1,1,Centro poblado / Rural disperso,Casa
8452430,1,1,1,Caldas,Pácora,Central,"117,1098412",1,1,Cabecera,Casa
8452432,1,1,1,Caldas,Pácora,Central,"77,71373821",1,1,Centro poblado / Rural disperso,Casa
8452433,1,1,1,Caldas,Pácora,Central,"38,83289841",1,1,Centro poblado / Rural disperso,Casa
8452434,1,1,1,Caldas,Pácora,Central,"59,4476887",1,1,Centro poblado / Rural disperso,Casa
8452435,1,1,1,Caldas,Pácora,Central,"38,83289841",1,1,Centro poblado / Rural disperso,Casa
8452436,1,1,1,Caldas,Pácora,Central,"38,83289841",1,1,Centro poblado / Rural disperso,Casa
8452437,1,1,1,Caldas,Pácora,Central,"38,83289841",1,1,Centro poblado / Rural disperso,Casa
8452438,1,1,1,Caldas,Pácora,Central,"155,3315937",1,1,Centro poblado / Rural disperso,Casa
8452439,1,1,1,Caldas,Pácora,Central,"38,83289841",1,1,Centro poblado / Rural disperso,Casa
8452440,1,1,1,Caldas,Pácora,Central,"38,83289841",1,1,Centro poblado / Rural disperso,Casa
8452441,1,1,1,Caldas,Pácora,Central,"52,26977873",1,1,Centro poblado / Rural disperso,Casa
8452442,1,1,1,Caldas,Pácora,Central,"38,83289841",1,1,Centro poblado / Rural disperso,Casa
8452444,1,1,1,Caldas,Manzanares,Central,"41,46203119",1,1,Centro poblado / Rural disperso,Casa
8452445,1,1,1,Caldas,Manzanares,Central,"159,5849185",1,1,Centro poblado / Rural disperso,Casa
8452446,1,1,1,Caldas,Manzanares,Central,"41,46203119",1,1,Centro poblado / Rural disperso,Casa
8452447,1,1,1,Caldas,Manzanares,Central,"41,46203119",1,1,Centro poblado / Rural disperso,Casa
8452448,1,1,1,Caldas,Manzanares,Central,"148,5191586",1,1,Centro poblado / Rural disperso,Casa
8452449,1,1,1,Caldas,Manzanares,Central,"41,46203119",1,1,Centro poblado / Rural disperso,Casa
8452450,1,1,1,Caldas,Manzanares,Central,"41,46203119",1,1,Centro poblado / Rural disperso,Casa
8452451,1,1,1,Caldas,Manzanares,Central,"41,46203119",1,1,Centro poblado / Rural disperso,Casa
8452452,1,1,1,Caldas,Manzanares,Central,"41,46203119",1,1,Centro poblado / Rural disperso,Casa
8452453,1,1,1,Caldas,Manzanares,Central,"63,47252005",1,1,Centro poblado / Rural disperso,Casa
8452454,1,1,1,Caldas,Manzanares,Central,"63,47252005",1,1,Centro poblado / Rural disperso,Casa
8452455,1,1,1,Caldas,Manzanares,Central,"91,10006829",1,1,Centro poblado / Rural disperso,Casa
8452456,1,1,1,Caldas,Manzanares,Central,"57,45227853",1,1,Centro poblado / Rural disperso,Casa
8452457,1,1,1,Caldas,Manzanares,Central,"165,8481247",1,1,Centro poblado / Rural disperso,Casa
8452458,1,1,1,Caldas,Manzanares,Central,"41,46203119",1,1,Centro poblado / Rural disperso,Casa
8452459,1,1,1,Caldas,Manzanares,Central,"41,46203119",1,1,Centro poblado / Rural disperso,Casa
8452460,1,1,1,Caldas,Manzanares,Central,"71,14296956",1,1,Centro poblado / Rural disperso,Casa
8452461,1,1,1,Caldas,Manzanares,Central,"93,00337173",1,1,Centro poblado / Rural disperso,Casa
8452462,1,1,1,Caldas,Manzanares,Central,"41,46203119",1,1,Centro poblado / Rural disperso,Casa
8452463,1,1,1,Caldas,Manzanares,Central,"41,46203119",1,1,Centro poblado / Rural disperso,Casa
8452464,1,1,1,Caldas,Manzanares,Central,"165,8481247",1,1,Centro poblado / Rural disperso,Casa
8452465,1,1,1,Caldas,Manzanares,Central,"165,8481247",1,1,Centro poblado / Rural disperso,Casa
8452466,1,1,1,Caldas,Marulanda,Central,"10,12892477",1,1,Centro poblado / Rural disperso,Casa
8452467,1,1,1,Caldas,Marulanda,Central,"4,871966116",1,1,Centro poblado / Rural disperso,Casa
8452468,1,1,1,Caldas,Manzanares,Central,"41,46203119",1,1,Centro poblado / Rural disperso,Casa
8452469,1,1,1,Caldas,Manzanares,Central,"41,46203119",1,1,Centro poblado / Rural disperso,Casa
8452470,1,1,1,Caldas,Manzanares,Central,"41,46203119",1,1,Centro poblado / Rural disperso,Casa
8452471,1,1,1,Caldas,Manzanares,Central,"165,8481247",1,1,Centro poblado / Rural disperso,Casa
8452473,1,1,1,Caldas,Manzanares,Central,"135,6884257",1,1,Centro poblado / Rural disperso,Casa
8452474,1,1,1,Caldas,Manzanares,Central,"158,5415731",1,1,Centro poblado / Rural disperso,Casa
8452475,1,1,1,Caldas,Manzanares,Central,"45,20110701",1,1,Centro poblado / Rural disperso,Casa
8452476,1,1,1,Caldas,Manzanares,Central,"41,46203119",1,1,Centro poblado / Rural disperso,Casa
8452477,1,1,1,Caldas,Manzanares,Central,"41,46203119",1,1,Centro poblado / Rural disperso,Casa
8452478,1,1,1,Caldas,Manzanares,Central,"41,46203119",1,1,Centro poblado / Rural disperso,Casa
8452479,1,1,1,Caldas,Manzanares,Central,"41,46203119",1,1,Centro poblado / Rural disperso,Casa
8452480,1,1,1,Caldas,Marulanda,Central,"3,989492769",1,1,Centro poblado / Rural disperso,Casa
8452481,1,1,1,Caldas,Manzanares,Central,"110,6027978",1,1,Centro poblado / Rural disperso,Casa
8452482,1,1,1,Caldas,Manzanares,Central,"41,46203119",1,1,Centro poblado / Rural disperso,Casa
8452483,1,1,1,Caldas,Manzanares,Central,"97,70928593",1,1,Centro poblado / Rural disperso,Casa
8452484,1,1,1,Caldas,Marulanda,Central,"3,989492769",1,1,Centro poblado / Rural disperso,Casa
8452485,1,1,1,Caldas,Marulanda,Central,"3,989492769",1,1,Centro poblado / Rural disperso,Casa
8452486,1,1,1,Caldas,Marulanda,Central,"3,989492769",1,1,Centro poblado / Rural disperso,Casa
8452487,1,1,1,Caldas,Marulanda,Central,"19,79769828",1,1,Centro poblado / Rural disperso,Apartamento
8452488,1,1,1,Caldas,Marulanda,Central,"5,984239153",1,1,Centro poblado / Rural disperso,Apartamento
8452489,1,1,1,Caldas,Marulanda,Central,"11,0458492",1,1,Centro poblado / Rural disperso,Casa
8452490,1,1,1,Caldas,Manzanares,Central,"41,46203119",1,1,Centro poblado / Rural disperso,Casa
8452491,1,1,1,Caldas,Manzanares,Central,"79,75002384",1,1,Centro poblado / Rural disperso,Casa
8452492,1,1,1,Caldas,Marulanda,Central,"5,755009975",1,1,Centro poblado / Rural disperso,Casa
8452493,1,1,1,Caldas,Manzanares,Central,"132,4632",1,1,Centro poblado / Rural disperso,Casa
8452494,1,1,1,Caldas,Manzanares,Central,"122,1229269",1,1,Centro poblado / Rural disperso,Casa
8452495,1,1,1,Caldas,Marulanda,Central,"5,755009975",1,1,Centro poblado / Rural disperso,Casa
8452496,1,1,1,Caldas,Manzanares,Central,"41,46203119",1,1,Centro poblado / Rural disperso,Casa
8452497,1,1,1,Caldas,Manzanares,Central,"41,46203119",1,1,Centro poblado / Rural disperso,Casa
8452498,1,1,1,Caldas,Manzanares,Central,"140,3943399",1,1,Centro poblado / Rural disperso,Casa
8452499,1,1,1,Caldas,La Dorada,Central,"98,00832239",1,1,Cabecera,Apartamento
8452500,1,1,1,Caldas,La Dorada,Central,"148,3961741",1,1,Cabecera,Cuarto(s)
8452501,1,1,1,Caldas,La Dorada,Central,"98,00832239",1,1,Cabecera,Cuarto(s)
8452502,1,1,1,Caldas,La Dorada,Central,"273,6526915",1,1,Cabecera,Casa
8452503,1,1,1,Caldas,La Dorada,Central,"98,00832239",1,1,Cabecera,Casa
8452504,1,1,1,Caldas,La Dorada,Central,"98,00832239",1,1,Cabecera,Cuarto(s)
8452505,1,1,1,Caldas,La Dorada,Central,"148,3961741",1,1,Cabecera,Casa
8452506,1,1,1,Caldas,La Dorada,Central,"226,7348084",1,1,Cabecera,Apartamento
8452507,1,1,1,Caldas,La Dorada,Central,"257,9953293",1,1,Cabecera,Cuarto(s)
8452508,1,1,1,Caldas,La Dorada,Central,"120,2857142",1,1,Cabecera,Cuarto(s)
8452509,1,1,1,Caldas,La Dorada,Central,"162,8662799",1,1,Cabecera,Casa
8452510,1,1,1,Caldas,La Dorada,Central,"285,0088608",1,1,Cabecera,Casa
8452511,1,1,1,Caldas,La Dorada,Central,"152,7887497",1,1,Cabecera,Casa
8452512,1,1,1,Caldas,La Dorada,Central,"198,0656779",1,1,Cabecera,Casa
8452513,1,1,1,Caldas,La Dorada,Central,"98,00832239",1,1,Cabecera,Casa
8452514,1,1,1,Caldas,La Dorada,Central,"120,2857142",1,1,Cabecera,Casa
8452515,1,1,1,Caldas,La Dorada,Central,"229,6080602",1,1,Cabecera,Casa
8452516,1,1,1,Caldas,La Dorada,Central,"256,898401",1,1,Cabecera,Casa
8452517,1,1,1,Caldas,La Dorada,Central,"307,3937521",1,1,Cabecera,Casa
8452518,1,1,1,Caldas,La Dorada,Central,"135,8381043",1,1,Cabecera,Casa
8452519,1,1,1,Caldas,La Dorada,Central,"220,7369194",1,1,Cabecera,Apartamento
8452520,1,1,1,Caldas,La Dorada,Central,"159,2635239",1,1,Cabecera,Casa
8452521,1,1,1,Caldas,La Dorada,Central,"328,9946619",1,1,Cabecera,Casa
8452522,1,1,1,Caldas,La Dorada,Central,"159,2635239",1,1,Cabecera,Apartamento
8452523,1,1,1,Caldas,La Dorada,Central,"333,7706379",1,1,Cabecera,Apartamento
8452524,1,1,1,Caldas,La Dorada,Central,"328,9946619",1,1,Cabecera,Casa
8452525,1,1,1,Caldas,La Dorada,Central,"159,2635239",1,1,Cabecera,Casa
8452526,1,1,1,Caldas,La Dorada,Central,"241,1437828",1,1,Cabecera,Casa
8452527,1,1,1,Caldas,La Dorada,Central,"159,2635239",1,1,Cabecera,Casa
8454891,1,1,1,Caldas,Belalcázar,Central,"184,2884151",1,1,Cabecera,Casa
8454892,1,1,1,Caldas,Belalcázar,Central,"168,6929538",1,1,Cabecera,Apartamento
8454893,1,1,1,Caldas,Belalcázar,Central,"281,5746346",1,1,Cabecera,Apartamento
8454894,1,1,1,Caldas,Belalcázar,Central,"272,9463347",1,1,Cabecera,Apartamento
8454895,1,1,1,Caldas,Belalcázar,Central,"288,6417098",1,1,Cabecera,Apartamento
8454896,1,1,1,Caldas,Manzanares,Central,"125,6489851",1,1,Centro poblado / Rural disperso,Casa
8455850,1,1,1,Caldas,Manizales,Central,"147,5346852",1,1,Cabecera,Casa
8455851,1,1,1,Caldas,Villamaría,Central,"139,7963031",1,1,Cabecera,Casa
8455852,1,1,1,Caldas,Villamaría,Central,"212,7882058",1,1,Cabecera,Casa
8455853,1,1,1,Caldas,Villamaría,Central,"277,2105136",1,1,Cabecera,Casa
8455854,1,1,1,Caldas,Villamaría,Central,"263,1124291",1,1,Cabecera,Casa
8455855,1,1,1,Caldas,Villamaría,Central,"212,7882058",1,1,Cabecera,Casa
8455856,1,1,1,Caldas,Villamaría,Central,"290,4233732",1,1,Cabecera,Casa
8455857,1,1,1,Caldas,Manizales,Central,"347,4564553",1,1,Cabecera,Casa
8455858,1,1,1,Caldas,Manizales,Central,"141,2782547",1,1,Cabecera,Casa
8455859,1,1,1,Caldas,Villamaría,Central,"360,2795851",1,1,Cabecera,Casa
8455861,1,1,1,Caldas,Manizales,Central,"164,4097937",1,1,Cabecera,Casa
8455862,1,1,1,Caldas,Villamaría,Central,"162,4280353",1,1,Cabecera,Casa
8455863,1,1,1,Caldas,Villamaría,Central,"124,6805893",1,1,Cabecera,Casa
8455864,1,1,1,Caldas,Villamaría,Central,"234,8166582",1,1,Cabecera,Casa
8455865,1,1,1,Caldas,Manizales,Central,"144,4590999",1,1,Cabecera,Casa
8455866,1,1,1,Caldas,Manizales,Central,"189,1576025",1,1,Cabecera,Casa
8455867,1,1,1,Caldas,Manizales,Central,"349,5589643",1,1,Cabecera,Casa
8455868,1,1,1,Caldas,Manizales,Central,"197,1033295",1,1,Cabecera,Apartamento
8455869,1,1,1,Caldas,Manizales,Central,"243,2417176",1,1,Cabecera,Apartamento
8455870,1,1,1,Caldas,La Dorada,Central,"175,7070621",1,1,Cabecera,Casa
8455871,1,1,1,Caldas,La Dorada,Central,"112,7095708",1,1,Cabecera,Casa
8455872,1,1,1,Caldas,La Dorada,Central,"238,3132317",1,1,Cabecera,Casa
8455873,1,1,1,Caldas,La Dorada,Central,"112,7095708",1,1,Cabecera,Casa
8455874,1,1,1,Caldas,La Dorada,Central,"283,8374139",1,1,Cabecera,Casa
8455875,1,1,1,Caldas,La Dorada,Central,"112,7095708",1,1,Cabecera,Casa
8455876,1,1,1,Caldas,La Dorada,Central,"112,7095708",1,1,Cabecera,Casa
8455877,1,1,1,Caldas,La Dorada,Central,"187,2962218",1,1,Cabecera,Apartamento
8455878,1,1,1,Caldas,La Dorada,Central,"233,2617698",1,1,Cabecera,Casa
8455879,1,1,1,Caldas,La Dorada,Central,"112,7095708",1,1,Cabecera,Casa
8456641,1,1,1,Caldas,Villamaría,Central,"174,9417746",1,1,Cabecera,Casa
8456642,1,1,1,Caldas,Villamaría,Central,"200,6254527",1,1,Cabecera,Casa
8456643,1,1,1,Caldas,Villamaría,Central,"124,6805893",1,1,Cabecera,Apartamento
8456644,1,1,1,Caldas,Villamaría,Central,"121,6348865",1,1,Cabecera,Casa
8456645,1,1,1,Caldas,Villamaría,Central,"407,4024489",1,1,Cabecera,Apartamento
8456646,1,1,1,Caldas,Villamaría,Central,"233,5389821",1,1,Cabecera,Casa
8456647,1,1,1,Caldas,Belalcázar,Central,"140,0372859",1,1,Cabecera,Apartamento
8456648,1,1,1,Caldas,Belalcázar,Central,"201,9399113",1,1,Cabecera,Apartamento
8456649,1,1,1,Caldas,Belalcázar,Central,"179,5272124",1,1,Cabecera,Apartamento
8456650,1,1,1,Caldas,Belalcázar,Central,"149,3789431",1,1,Cabecera,Apartamento
8456651,1,1,1,Caldas,Belalcázar,Central,"121,7133697",1,1,Cabecera,Apartamento
8456652,1,1,1,Caldas,Belalcázar,Central,"458,4685114",1,1,Cabecera,Casa
8456653,1,1,1,Caldas,Belalcázar,Central,"133,8847067",1,1,Cabecera,Apartamento
8456654,1,1,1,Caldas,Belalcázar,Central,"208,7177541",1,1,Cabecera,Apartamento
8456655,1,1,1,Caldas,Belalcázar,Central,"133,8847067",1,1,Cabecera,Apartamento
8456656,1,1,1,Caldas,Belalcázar,Central,"202,7172566",1,1,Cabecera,Apartamento
8456657,1,1,1,Caldas,Belalcázar,Central,"158,0415185",1,1,Cabecera,Apartamento
8456658,1,1,1,Caldas,Belalcázar,Central,"128,3284841",1,1,Cabecera,Apartamento
8456659,1,1,1,Caldas,Risaralda,Central,"35,55184843",1,1,Centro poblado / Rural disperso,Casa
8456660,1,1,1,Caldas,Risaralda,Central,"35,55184843",1,1,Centro poblado / Rural disperso,Casa
8456661,1,1,1,Caldas,Risaralda,Central,"35,55184843",1,1,Centro poblado / Rural disperso,Casa
8456662,1,1,1,Caldas,Risaralda,Central,"35,55184843",1,1,Centro poblado / Rural disperso,Casa
8456663,1,1,1,Caldas,Risaralda,Central,"68,38209992",1,1,Centro poblado / Rural disperso,Casa
8456664,1,1,1,Caldas,Risaralda,Central,"51,65937641",1,1,Centro poblado / Rural disperso,Casa
8456665,1,1,1,Caldas,Risaralda,Central,"35,55184843",1,1,Centro poblado / Rural disperso,Casa
8456666,1,1,1,Caldas,Risaralda,Central,"51,65937641",1,1,Centro poblado / Rural disperso,Apartamento
8456667,1,1,1,Caldas,Risaralda,Central,"142,2073937",1,1,Centro poblado / Rural disperso,Casa
8456668,1,1,1,Caldas,Risaralda,Central,"67,21982212",1,1,Centro poblado / Rural disperso,Apartamento
8458062,1,1,1,Caldas,Manizales,Central,"343,6323297",1,1,Cabecera,Casa
8458063,1,1,1,Caldas,Villamaría,Central,"190,6407092",1,1,Cabecera,Casa
8458064,1,1,1,Caldas,Manizales,Central,"427,7666624",1,1,Cabecera,Casa
8458065,1,1,1,Caldas,Manizales,Central,"144,4590999",1,1,Cabecera,Casa
8458066,1,1,1,Caldas,Manizales,Central,"134,8858304",1,1,Cabecera,Casa
8458067,1,1,1,Caldas,Manizales,Central,"145,3964162",1,1,Cabecera,Casa
8458068,1,1,1,Caldas,Villamaría,Central,"405,9089408",1,1,Cabecera,Casa
8458069,1,1,1,Caldas,Manizales,Central,"279,814212",1,1,Cabecera,Apartamento
8458070,1,1,1,Caldas,Manizales,Central,"350,3515166",1,1,Cabecera,Casa
8458071,1,1,1,Caldas,Manizales,Central,"361,2838985",1,1,Cabecera,Apartamento
8458072,1,1,1,Caldas,Manizales,Central,"335,37549",1,1,Cabecera,Apartamento
8458073,1,1,1,Caldas,Villamaría,Central,"335,8882073",1,1,Cabecera,Casa
8458074,1,1,1,Caldas,Villamaría,Central,"102,8942209",1,1,Cabecera,Casa
8458075,1,1,1,Caldas,Villamaría,Central,"114,6473774",1,1,Cabecera,Casa
8458076,1,1,1,Caldas,Villamaría,Central,"157,2122841",1,1,Cabecera,Casa
8458077,1,1,1,Caldas,Villamaría,Central,"221,7484136",1,1,Cabecera,Casa
8458078,1,1,1,Caldas,Villamaría,Central,"202,0468338",1,1,Cabecera,Casa
8458079,1,1,1,Caldas,Manizales,Central,"197,6115327",1,1,Cabecera,Casa
8458080,1,1,1,Caldas,Villamaría,Central,"180,597772",1,1,Cabecera,Casa
8458081,1,1,1,Caldas,Villamaría,Central,"133,4419257",1,1,Cabecera,Casa
8458083,1,1,1,Caldas,Villamaría,Central,"335,8882073",1,1,Cabecera,Casa
8458084,1,1,1,Caldas,Belalcázar,Central,"133,8847067",1,1,Cabecera,Casa
8458085,1,1,1,Caldas,Belalcázar,Central,"222,4842093",1,1,Cabecera,Casa
8458086,1,1,1,Caldas,Belalcázar,Central,"245,6397142",1,1,Cabecera,Casa
8458087,1,1,1,Caldas,Belalcázar,Central,"133,8847067",1,1,Cabecera,Apartamento
8458088,1,1,1,Caldas,Anserma,Central,"55,98469079",1,1,Centro poblado / Rural disperso,Casa
8458089,1,1,1,Caldas,Risaralda,Central,"35,52209627",1,1,Centro poblado / Rural disperso,Casa
8458090,1,1,1,Caldas,Risaralda,Central,"67,16356809",1,1,Centro poblado / Rural disperso,Casa
8458091,1,1,1,Caldas,Risaralda,Central,"142,0883851",1,1,Centro poblado / Rural disperso,Casa
8458092,1,1,1,Caldas,Risaralda,Central,"87,13676231",1,1,Centro poblado / Rural disperso,Casa
8458093,1,1,1,Caldas,Risaralda,Central,"35,52209627",1,1,Centro poblado / Rural disperso,Casa
8458094,1,1,1,Caldas,Risaralda,Central,"35,52209627",1,1,Centro poblado / Rural disperso,Casa
8458095,1,1,1,Caldas,Risaralda,Central,"35,52209627",1,1,Centro poblado / Rural disperso,Casa
8458096,1,1,1,Caldas,Risaralda,Central,"35,52209627",1,1,Centro poblado / Rural disperso,Casa
8458097,1,1,1,Caldas,Risaralda,Central,"142,0883851",1,1,Centro poblado / Rural disperso,Casa
8458098,1,1,1,Caldas,Risaralda,Central,"35,52209627",1,1,Centro poblado / Rural disperso,Casa
8458099,1,1,1,Caldas,Risaralda,Central,"73,84152296",1,1,Centro poblado / Rural disperso,Casa
8458100,1,1,1,Caldas,Risaralda,Central,"51,6161444",1,1,Centro poblado / Rural disperso,Casa
8458101,1,1,1,Caldas,Manzanares,Central,"41,46203119",1,1,Centro poblado / Rural disperso,Casa
8458102,1,1,1,Caldas,Manzanares,Central,"41,46203119",1,1,Centro poblado / Rural disperso,Casa
8458109,1,1,1,Caldas,Manzanares,Central,"41,46203119",1,1,Centro poblado / Rural disperso,Casa
8458111,1,1,1,Caldas,Manzanares,Central,"41,46203119",1,1,Centro poblado / Rural disperso,Casa
8458112,1,1,1,Caldas,Manzanares,Central,"41,46203119",1,1,Centro poblado / Rural disperso,Casa
8458113,1,1,1,Caldas,Manzanares,Central,"41,46203119",1,1,Centro poblado / Rural disperso,Casa
8460960,1,1,1,Caldas,Manizales,Central,"182,8544438",1,1,Cabecera,Casa
8460961,1,1,1,Caldas,Manizales,Central,"207,0234795",1,1,Cabecera,Casa
8460962,1,1,1,Caldas,Manizales,Central,"527,001295",1,1,Cabecera,Casa
8460964,1,1,1,Caldas,Manizales,Central,"429,8261209",1,1,Cabecera,Casa
8460965,1,1,1,Caldas,Manizales,Central,"209,708775",1,1,Cabecera,Apartamento
8460966,1,1,1,Caldas,Manizales,Central,"173,3412618",1,1,Cabecera,Apartamento
8460967,1,1,1,Caldas,Manizales,Central,"176,1801549",1,1,Cabecera,Casa
8460968,1,1,1,Caldas,Villamaría,Central,"125,438302",1,1,Cabecera,Casa
8460969,1,1,1,Caldas,Manizales,Central,"354,5392524",1,1,Cabecera,Casa
8460970,1,1,1,Caldas,Manizales,Central,"312,9839307",1,1,Cabecera,Casa
8460971,1,1,1,Caldas,Villamaría,Central,"113,6727515",1,1,Cabecera,Casa
8460972,1,1,1,Caldas,Villamaría,Central,"194,831516",1,1,Cabecera,Casa
8460973,1,1,1,Caldas,Manizales,Central,"120,9263449",1,1,Cabecera,Casa
8460974,1,1,1,Caldas,Manizales,Central,"164,4097937",1,1,Cabecera,Casa
8460975,1,1,1,Caldas,Manizales,Central,"274,5116756",1,1,Cabecera,Casa
8460976,1,1,1,Caldas,Manizales,Central,"152,8294628",1,1,Cabecera,Apartamento
8460977,1,1,1,Caldas,Manizales,Central,"191,9802608",1,1,Cabecera,Apartamento
8460978,1,1,1,Caldas,Manizales,Central,"265,2218424",1,1,Cabecera,Apartamento
8460979,1,1,1,Caldas,Manizales,Central,"139,243917",1,1,Cabecera,Casa
8460980,1,1,1,Caldas,Manizales,Central,"133,4382238",1,1,Cabecera,Casa
8460981,1,1,1,Caldas,Manizales,Central,"83,52840153",1,1,Cabecera,Casa
8460982,1,1,1,Caldas,Manizales,Central,"114,5872007",1,1,Cabecera,Casa
8460983,1,1,1,Caldas,Manizales,Central,"207,873688",1,1,Cabecera,Casa
8460984,1,1,1,Caldas,Manizales,Central,"205,9110037",1,1,Cabecera,Casa
8460985,1,1,1,Caldas,Manizales,Central,"119,3697579",1,1,Cabecera,Casa
8460987,1,1,1,Caldas,Manizales,Central,"139,243917",1,1,Cabecera,Casa
8460988,1,1,1,Caldas,Villamaría,Central,"533,7677027",1,1,Cabecera,Casa
8460989,1,1,1,Caldas,Villamaría,Central,"521,9061982",1,1,Cabecera,Casa
8460990,1,1,1,Caldas,Manizales,Central,"193,7210965",1,1,Cabecera,Apartamento
8460991,1,1,1,Caldas,Manizales,Central,"277,0068518",1,1,Cabecera,Casa
8460992,1,1,1,Caldas,Manizales,Central,"397,4932003",1,1,Cabecera,Apartamento
8460993,1,1,1,Caldas,Manizales,Central,"198,3822255",1,1,Cabecera,Apartamento
8460994,1,1,1,Caldas,Manizales,Central,"211,95261",1,1,Cabecera,Apartamento
8460995,1,1,1,Caldas,Villamaría,Central,"67,95653622",1,1,Cabecera,Casa
8460996,1,1,1,Caldas,Villamaría,Central,"320,0939564",1,1,Cabecera,Casa
8460997,1,1,1,Caldas,Villamaría,Central,"146,7103592",1,1,Cabecera,Casa
8460998,1,1,1,Caldas,Villamaría,Central,"233,5389821",1,1,Cabecera,Casa
8460999,1,1,1,Caldas,Belalcázar,Central,"79,33908545",1,1,Cabecera,Apartamento
8461000,1,1,1,Caldas,Belalcázar,Central,"150,1709611",1,1,Cabecera,Apartamento
8461002,1,1,1,Caldas,Risaralda,Central,"127,2420019",1,1,Centro poblado / Rural disperso,Casa
8461003,1,1,1,Caldas,Risaralda,Central,"55,4342333",1,1,Centro poblado / Rural disperso,Casa
8461004,1,1,1,Caldas,Risaralda,Central,"51,6161444",1,1,Centro poblado / Rural disperso,Casa
8461005,1,1,1,Caldas,Belalcázar,Central,"120,1287447",1,1,Cabecera,Apartamento
8461006,1,1,1,Caldas,Belalcázar,Central,"79,33908545",1,1,Cabecera,Apartamento
8461007,1,1,1,Caldas,Belalcázar,Central,"155,7302053",1,1,Cabecera,Casa
8461008,1,1,1,Caldas,Belalcázar,Central,"128,2912811",1,1,Cabecera,Apartamento
8461009,1,1,1,Caldas,Belalcázar,Central,"79,33908545",1,1,Cabecera,Apartamento
8461010,1,1,1,Caldas,Belalcázar,Central,"79,33908545",1,1,Cabecera,Apartamento
8461052,1,1,1,Caldas,Marulanda,Central,"9,818389682",1,1,Centro poblado / Rural disperso,Casa
8461053,1,1,1,Caldas,Marulanda,Central,"16,71692159",1,1,Centro poblado / Rural disperso,Casa
8461054,1,1,1,Caldas,Filadelfia,Central,"42,3412508",1,1,Centro poblado / Rural disperso,Casa
8461055,1,1,1,Caldas,Filadelfia,Central,"56,71915818",1,1,Centro poblado / Rural disperso,Casa
8461056,1,1,1,Caldas,Filadelfia,Central,"143,3714603",1,1,Centro poblado / Rural disperso,Casa
8461057,1,1,1,Caldas,Filadelfia,Central,"42,3412508",1,1,Centro poblado / Rural disperso,Casa
8461059,1,1,1,Caldas,Filadelfia,Central,"42,3412508",1,1,Centro poblado / Rural disperso,Casa
8461060,1,1,1,Caldas,Filadelfia,Central,"38,10712572",1,1,Centro poblado / Rural disperso,Casa
8461061,1,1,1,Caldas,Filadelfia,Central,"101,6533585",1,1,Centro poblado / Rural disperso,Casa
8461062,1,1,1,Caldas,Filadelfia,Central,"42,3412508",1,1,Centro poblado / Rural disperso,Casa
8461063,1,1,1,Caldas,Filadelfia,Central,"42,3412508",1,1,Centro poblado / Rural disperso,Casa
8461064,1,1,1,Caldas,Filadelfia,Central,"143,3714603",1,1,Centro poblado / Rural disperso,Casa
8461065,1,1,1,Caldas,Filadelfia,Central,"42,3412508",1,1,Centro poblado / Rural disperso,Casa
8461066,1,1,1,Caldas,Filadelfia,Central,"42,3412508",1,1,Centro poblado / Rural disperso,Casa
8461067,1,1,1,Caldas,Filadelfia,Central,"42,3412508",2,2,Centro poblado / Rural disperso,Casa
8461068,1,1,1,Caldas,Filadelfia,Central,"42,3412508",1,1,Centro poblado / Rural disperso,Casa
8461069,1,1,1,Caldas,Filadelfia,Central,"152,4285029",1,1,Centro poblado / Rural disperso,Casa
8461070,1,1,1,Caldas,Filadelfia,Central,"117,307264",1,1,Centro poblado / Rural disperso,Casa
8461071,1,1,1,Caldas,Filadelfia,Central,"45,86968836",1,1,Centro poblado / Rural disperso,Casa
8461072,1,1,1,Caldas,Filadelfia,Central,"45,86968836",1,1,Centro poblado / Rural disperso,Casa
8461073,1,1,1,Caldas,Filadelfia,Central,"145,0452218",1,1,Centro poblado / Rural disperso,Casa
8461074,1,1,1,Caldas,Filadelfia,Central,"45,86968836",1,1,Centro poblado / Rural disperso,Casa
8461075,1,1,1,Caldas,Filadelfia,Central,"45,86968836",1,1,Centro poblado / Rural disperso,Apartamento
8461076,1,1,1,Caldas,Filadelfia,Central,"45,86968836",1,1,Centro poblado / Rural disperso,Apartamento
8461077,1,1,1,Caldas,Filadelfia,Central,"103,0748699",1,1,Centro poblado / Rural disperso,Casa
8461079,1,1,1,Caldas,Neira,Central,"27,40990707",1,1,Centro poblado / Rural disperso,Casa
8461080,1,1,1,Caldas,Filadelfia,Central,"42,3412508",1,1,Centro poblado / Rural disperso,Casa
8461082,1,1,1,Caldas,Neira,Central,"27,40990707",1,1,Centro poblado / Rural disperso,Casa
8461083,1,1,1,Caldas,Neira,Central,"38,93245615",1,1,Centro poblado / Rural disperso,Casa
8461084,1,1,1,Caldas,Filadelfia,Central,"133,8878971",1,1,Centro poblado / Rural disperso,Casa
8461085,1,1,1,Caldas,Filadelfia,Central,"99,78125196",1,1,Centro poblado / Rural disperso,Casa
8461086,1,1,1,Caldas,Neira,Central,"27,40990707",1,1,Centro poblado / Rural disperso,Casa
8461087,1,1,1,Caldas,Filadelfia,Central,"42,3412508",1,1,Centro poblado / Rural disperso,Casa
8461088,1,1,1,Caldas,Neira,Central,"27,40990707",1,1,Centro poblado / Rural disperso,Casa
8461089,1,1,1,Caldas,Neira,Central,"27,40990707",1,1,Centro poblado / Rural disperso,Casa
8461090,1,1,1,Caldas,Neira,Central,"44,51000622",1,1,Centro poblado / Rural disperso,Casa
8461091,1,1,1,Caldas,Neira,Central,"39,82855377",1,1,Centro poblado / Rural disperso,Casa
8461092,1,1,1,Caldas,Neira,Central,"61,48308954",1,1,Centro poblado / Rural disperso,Casa
8461093,1,1,1,Caldas,Neira,Central,"109,6396283",1,1,Centro poblado / Rural disperso,Casa
8461094,1,1,1,Caldas,Filadelfia,Central,"42,3412508",1,1,Centro poblado / Rural disperso,Casa
8461095,1,1,1,Caldas,Filadelfia,Central,"38,10712572",1,1,Centro poblado / Rural disperso,Casa
8461096,1,1,1,Caldas,Filadelfia,Central,"38,10712572",1,1,Centro poblado / Rural disperso,Apartamento
8461097,1,1,1,Caldas,Filadelfia,Central,"38,10712572",1,1,Centro poblado / Rural disperso,Casa
8461098,1,1,1,Caldas,Filadelfia,Central,"57,78642881",1,1,Centro poblado / Rural disperso,Casa
8461099,1,1,1,Caldas,Filadelfia,Central,"57,78642881",1,1,Centro poblado / Rural disperso,Casa
8461100,1,1,1,Caldas,Filadelfia,Central,"57,78642881",1,1,Centro poblado / Rural disperso,Apartamento
8461101,1,1,1,Caldas,Filadelfia,Central,"57,78642881",1,1,Centro poblado / Rural disperso,Casa
8461102,1,1,1,Caldas,Filadelfia,Central,"102,701235",1,1,Centro poblado / Rural disperso,Casa
8461103,1,1,1,Caldas,Filadelfia,Central,"57,78642881",1,1,Centro poblado / Rural disperso,Casa
8461104,1,1,1,Caldas,Filadelfia,Central,"57,78642881",1,1,Centro poblado / Rural disperso,Casa
8461106,1,1,1,Caldas,Salamina,Central,"89,46753061",1,1,Centro poblado / Rural disperso,Casa
8461107,1,1,1,Caldas,Manzanares,Central,"37,72432586",1,1,Centro poblado / Rural disperso,Casa
8461108,1,1,1,Caldas,Manzanares,Central,"130,4354072",1,1,Centro poblado / Rural disperso,Casa
8461109,1,1,1,Caldas,Manzanares,Central,"124,8036387",1,1,Centro poblado / Rural disperso,Casa
8461111,1,1,1,Caldas,Manzanares,Central,"50,53445435",1,1,Centro poblado / Rural disperso,Casa
8461112,1,1,1,Caldas,Manzanares,Central,"37,72432586",1,1,Centro poblado / Rural disperso,Casa
8461113,1,1,1,Caldas,Manzanares,Central,"37,72432586",1,1,Centro poblado / Rural disperso,Casa
8461114,1,1,1,Caldas,Manzanares,Central,"37,72432586",1,1,Centro poblado / Rural disperso,Casa
8461115,1,1,1,Caldas,Manzanares,Central,"37,72432586",1,1,Centro poblado / Rural disperso,Casa
8461116,1,1,1,Caldas,Manzanares,Central,"37,72432586",1,1,Centro poblado / Rural disperso,Casa
8461117,1,1,1,Caldas,Filadelfia,Central,"42,3412508",1,1,Centro poblado / Rural disperso,Casa
8461118,1,1,1,Caldas,Filadelfia,Central,"42,3412508",1,1,Centro poblado / Rural disperso,Casa
8461119,1,1,1,Caldas,Filadelfia,Central,"93,03188311",1,1,Centro poblado / Rural disperso,Casa
8461120,1,1,1,Caldas,Filadelfia,Central,"73,14071844",1,1,Centro poblado / Rural disperso,Casa
8461121,1,1,1,Caldas,Filadelfia,Central,"46,15961527",1,1,Centro poblado / Rural disperso,Casa
8461122,1,1,1,Caldas,Filadelfia,Central,"42,3412508",1,1,Centro poblado / Rural disperso,Casa
8461123,1,1,1,Caldas,Filadelfia,Central,"38,10712572",1,1,Centro poblado / Rural disperso,Casa
8461124,1,1,1,Caldas,Filadelfia,Central,"45,86968836",1,1,Centro poblado / Rural disperso,Casa
8461125,1,1,1,Caldas,Filadelfia,Central,"45,86968836",1,1,Centro poblado / Rural disperso,Casa
8461126,1,1,1,Caldas,Filadelfia,Central,"45,86968836",1,1,Centro poblado / Rural disperso,Casa
8461127,1,1,1,Caldas,Filadelfia,Central,"65,15234169",1,1,Centro poblado / Rural disperso,Casa
8461128,1,1,1,Caldas,Filadelfia,Central,"42,3412508",1,1,Centro poblado / Rural disperso,Casa
8461129,1,1,1,Caldas,Filadelfia,Central,"42,3412508",1,1,Centro poblado / Rural disperso,Casa
8461130,1,1,1,Caldas,Filadelfia,Central,"80,05691611",1,1,Centro poblado / Rural disperso,Casa
8461131,1,1,1,Caldas,Filadelfia,Central,"38,10712572",1,1,Centro poblado / Rural disperso,Casa
8461132,1,1,1,Caldas,Filadelfia,Central,"38,10712572",1,1,Centro poblado / Rural disperso,Casa
8461133,1,1,1,Caldas,Filadelfia,Central,"178,0577817",1,1,Centro poblado / Rural disperso,Apartamento
8461135,1,1,1,Caldas,Filadelfia,Central,"173,2302214",1,1,Centro poblado / Rural disperso,Apartamento
8461136,1,1,1,Caldas,Chinchiná,Central,"56,68831951",1,1,Centro poblado / Rural disperso,Casa
8461137,1,1,1,Caldas,Chinchiná,Central,"148,394014",1,1,Cabecera,Casa
8461138,1,1,1,Caldas,La Dorada,Central,"162,8662799",1,1,Cabecera,Apartamento
8461139,1,1,1,Caldas,La Dorada,Central,"185,5076081",1,1,Cabecera,Apartamento
8461141,1,1,1,Caldas,La Dorada,Central,"98,00832239",1,1,Cabecera,Apartamento
8461143,1,1,1,Caldas,La Dorada,Central,"217,3064273",1,1,Cabecera,Apartamento
8461144,1,1,1,Caldas,La Dorada,Central,"138,333288",1,1,Cabecera,Apartamento
8461145,1,1,1,Caldas,La Dorada,Central,"98,00832239",1,1,Cabecera,Apartamento
8461146,1,1,1,Caldas,La Dorada,Central,"192,7734355",1,1,Cabecera,Apartamento
8461147,1,1,1,Caldas,La Dorada,Central,"336,2535092",1,1,Cabecera,Apartamento
8461148,1,1,1,Caldas,La Dorada,Central,"95,55811433",1,1,Cabecera,Casa
8461149,1,1,1,Caldas,La Dorada,Central,"132,4421517",1,1,Cabecera,Casa
8461150,1,1,1,Caldas,La Dorada,Central,"129,8610272",1,1,Cabecera,Casa
8461151,1,1,1,Caldas,La Dorada,Central,"215,7978208",1,1,Cabecera,Casa
8461152,1,1,1,Caldas,La Dorada,Central,"175,4243497",1,1,Cabecera,Casa
8461153,1,1,1,Caldas,La Dorada,Central,"179,8169253",1,1,Cabecera,Casa
8461154,1,1,1,Caldas,La Dorada,Central,"119,9768471",1,1,Cabecera,Casa
8461155,1,1,1,Caldas,La Dorada,Central,"368,4440636",1,1,Cabecera,Apartamento
8461156,1,1,1,Caldas,La Dorada,Central,"142,9288035",1,1,Cabecera,Casa
8461157,1,1,1,Caldas,La Dorada,Central,"216,4110872",1,1,Cabecera,Casa
8461158,1,1,1,Caldas,La Dorada,Central,"142,9288035",1,1,Cabecera,Casa
8461159,1,1,1,Caldas,La Dorada,Central,"237,5133248",1,1,Cabecera,Casa
8461160,1,1,1,Caldas,La Dorada,Central,"142,9288035",1,1,Cabecera,Apartamento
8461161,1,1,1,Caldas,La Dorada,Central,"142,9288035",1,1,Cabecera,Casa
8461162,1,1,1,Caldas,La Dorada,Central,"142,9288035",1,1,Cabecera,Apartamento
8461163,1,1,1,Caldas,La Dorada,Central,"142,9288035",1,1,Cabecera,Casa
8461164,1,1,1,Caldas,La Dorada,Central,"198,0972354",1,1,Cabecera,Casa
8461165,1,1,1,Caldas,La Dorada,Central,"142,9288035",1,1,Cabecera,Casa
8461166,1,1,1,Caldas,La Dorada,Central,"364,4996458",1,1,Cabecera,Casa
8461167,1,1,1,Caldas,La Dorada,Central,"100,2357843",1,1,Cabecera,Casa
8461168,1,1,1,Caldas,La Dorada,Central,"100,2357843",1,1,Cabecera,Apartamento
8461169,1,1,1,Caldas,La Dorada,Central,"138,9253339",1,1,Cabecera,Casa
8461170,1,1,1,Caldas,La Dorada,Central,"100,2357843",1,1,Cabecera,Apartamento
8461171,1,1,1,Caldas,La Dorada,Central,"138,9253339",1,1,Cabecera,Casa
8461172,1,1,1,Caldas,La Dorada,Central,"166,5677862",1,1,Cabecera,Casa
8461173,1,1,1,Caldas,La Dorada,Central,"151,7688144",1,1,Cabecera,Casa
8461175,1,1,1,Caldas,La Dorada,Central,"156,2612213",1,1,Cabecera,Casa
8461176,1,1,1,Caldas,La Dorada,Central,"24,68417035",1,1,Centro poblado / Rural disperso,Casa
8461177,1,1,1,Caldas,La Dorada,Central,"76,05953001",1,1,Centro poblado / Rural disperso,Casa
8461178,1,1,1,Caldas,La Dorada,Central,"24,68417035",1,1,Centro poblado / Rural disperso,Casa
8461179,1,1,1,Caldas,La Dorada,Central,"24,68417035",1,1,Centro poblado / Rural disperso,Casa
8461180,1,1,1,Caldas,La Dorada,Central,"24,68417035",1,1,Centro poblado / Rural disperso,Casa
8461181,1,1,1,Caldas,La Dorada,Central,"24,68417035",1,1,Centro poblado / Rural disperso,Casa
8461182,1,1,1,Caldas,La Dorada,Central,"24,68417035",1,1,Centro poblado / Rural disperso,Casa
8461183,1,1,1,Caldas,La Dorada,Central,"24,68417035",1,1,Centro poblado / Rural disperso,Casa
8461184,1,1,1,Caldas,La Dorada,Central,"49,39881468",1,1,Centro poblado / Rural disperso,Casa
8461185,1,1,1,Caldas,La Dorada,Central,"24,68417035",1,1,Centro poblado / Rural disperso,Casa
8463550,1,1,1,Caldas,Manizales,Central,"133,536972",1,1,Cabecera,Apartamento
8463551,1,1,1,Caldas,Manizales,Central,"182,0810504",1,1,Cabecera,Casa
8463552,1,1,1,Caldas,Villamaría,Central,"262,9732751",1,1,Cabecera,Casa
8463553,1,1,1,Caldas,Manizales,Central,"224,7187552",1,1,Cabecera,Casa
8463554,1,1,1,Caldas,Manizales,Central,"133,4382238",1,1,Cabecera,Casa
8463555,1,1,1,Caldas,Manizales,Central,"185,7168577",1,1,Cabecera,Casa
8463556,1,1,1,Caldas,Belalcázar,Central,"399,7123283",1,1,Cabecera,Casa
8463557,1,1,1,Caldas,Belalcázar,Central,"202,2583721",1,1,Cabecera,Casa
8463558,1,1,1,Caldas,Belalcázar,Central,"202,2583721",1,1,Cabecera,Apartamento
8463559,1,1,1,Caldas,Belalcázar,Central,"121,7133697",1,1,Cabecera,Apartamento
8463560,1,1,1,Caldas,Belalcázar,Central,"184,2884151",1,1,Cabecera,Apartamento
8463561,1,1,1,Caldas,Anserma,Central,"81,34975656",1,1,Centro poblado / Rural disperso,Casa
8463562,1,1,1,Caldas,Belalcázar,Central,"121,7133697",1,1,Cabecera,Apartamento
8463563,1,1,1,Caldas,Belalcázar,Central,"199,9091761",1,1,Cabecera,Apartamento
8463564,1,1,1,Caldas,Belalcázar,Central,"359,3982957",1,1,Cabecera,Casa
8463565,1,1,1,Caldas,Belalcázar,Central,"353,9432979",1,1,Cabecera,Casa
8463566,1,1,1,Caldas,Belalcázar,Central,"223,3088311",1,1,Cabecera,Casa
8463567,1,1,1,Caldas,Belalcázar,Central,"121,7133697",1,1,Cabecera,Casa
8464623,1,1,1,Caldas,Manizales,Central,"355,2002186",1,1,Cabecera,Casa
8464624,1,1,1,Caldas,Manizales,Central,"340,4562843",1,1,Cabecera,Casa
8464625,1,1,1,Caldas,Manizales,Central,"150,3243059",1,1,Cabecera,Casa
8464626,1,1,1,Caldas,Villamaría,Central,"172,1139696",1,1,Cabecera,Casa
8464627,1,1,1,Caldas,Manizales,Central,"189,1576025",1,1,Cabecera,Casa
8464628,1,1,1,Caldas,Viterbo,Central,"96,05173939",1,1,Cabecera,Casa
8464629,1,1,1,Caldas,Viterbo,Central,"96,05173939",1,1,Cabecera,Casa
8464630,1,1,1,Caldas,Viterbo,Central,"222,2084023",1,1,Cabecera,Casa
8464631,1,1,1,Caldas,Viterbo,Central,"222,2084023",1,1,Cabecera,Casa
8464632,1,1,1,Caldas,Viterbo,Central,"96,05173939",1,1,Cabecera,Casa
8464633,1,1,1,Caldas,Viterbo,Central,"96,05173939",1,1,Cabecera,Casa
8464634,1,1,1,Caldas,Viterbo,Central,"149,738561",1,1,Cabecera,Casa
8464635,1,1,1,Caldas,Viterbo,Central,"145,4336763",1,1,Cabecera,Apartamento
8464636,1,1,1,Caldas,Viterbo,Central,"96,05173939",1,1,Cabecera,Casa
8464637,1,1,1,Caldas,Viterbo,Central,"96,05173939",1,1,Cabecera,Casa
8464638,1,1,1,Caldas,La Dorada,Central,"24,04302307",1,1,Centro poblado / Rural disperso,Casa
8464639,1,1,1,Caldas,La Dorada,Central,"24,04302307",1,1,Centro poblado / Rural disperso,Casa
8464640,1,1,1,Caldas,La Dorada,Central,"96,17209226",1,1,Centro poblado / Rural disperso,Casa
8464641,1,1,1,Caldas,La Dorada,Central,"24,04302307",1,1,Centro poblado / Rural disperso,Casa
8464642,1,1,1,Caldas,La Dorada,Central,"53,93084101",1,1,Centro poblado / Rural disperso,Casa
8464643,1,1,1,Caldas,La Dorada,Central,"24,04302307",1,1,Centro poblado / Rural disperso,Casa
8464644,1,1,1,Caldas,La Dorada,Central,"80,25343247",1,1,Centro poblado / Rural disperso,Casa
8464645,1,1,1,Caldas,La Dorada,Central,"68,08783513",1,1,Centro poblado / Rural disperso,Casa
8464646,1,1,1,Caldas,La Dorada,Central,"24,04302307",1,1,Centro poblado / Rural disperso,Casa
8464647,1,1,1,Caldas,La Dorada,Central,"24,04302307",1,1,Centro poblado / Rural disperso,Casa
8465911,1,1,1,Caldas,Manizales,Central,"344,3251168",1,1,Cabecera,Casa
8465912,1,1,1,Caldas,Manizales,Central,"272,4318838",1,1,Cabecera,Casa
8465913,1,1,1,Caldas,Neira,Central,"29,88175222",1,1,Centro poblado / Rural disperso,Casa
8465914,1,1,1,Caldas,Neira,Central,"27,40990707",1,1,Centro poblado / Rural disperso,Casa
8465915,1,1,1,Caldas,Neira,Central,"27,40990707",1,1,Centro poblado / Rural disperso,Casa
8465917,1,1,1,Caldas,Neira,Central,"36,89422721",1,1,Centro poblado / Rural disperso,Casa
8465919,1,1,1,Caldas,Neira,Central,"27,40990707",1,1,Centro poblado / Rural disperso,Casa
8465920,1,1,1,Caldas,Neira,Central,"29,88175222",1,1,Centro poblado / Rural disperso,Casa
8465921,1,1,1,Caldas,Neira,Central,"27,40990707",1,1,Centro poblado / Rural disperso,Casa
8465922,1,1,1,Caldas,Neira,Central,"27,40990707",1,1,Centro poblado / Rural disperso,Casa
8466717,1,1,1,Caldas,Villamaría,Central,"133,4419257",1,1,Cabecera,Casa
8466718,1,1,1,Caldas,Manizales,Central,"347,3540822",1,1,Cabecera,Apartamento
8466720,1,1,1,Caldas,Villamaría,Central,"189,7439788",1,1,Cabecera,Casa
8466721,1,1,1,Caldas,Manizales,Central,"247,9945595",1,1,Cabecera,Casa
8466722,1,1,1,Caldas,Manizales,Central,"538,7951991",1,1,Cabecera,Casa
8466723,1,1,1,Caldas,Manizales,Central,"339,4070478",1,1,Cabecera,Casa
8466724,1,1,1,Caldas,Viterbo,Central,"237,9066678",1,1,Cabecera,Casa
8466725,1,1,1,Caldas,Viterbo,Central,"196,3354631",1,1,Cabecera,Casa
8466726,1,1,1,Caldas,Viterbo,Central,"215,4801273",1,1,Cabecera,Casa
8466727,1,1,1,Caldas,Viterbo,Central,"377,0807908",1,1,Cabecera,Casa
8466728,1,1,1,Caldas,Viterbo,Central,"215,1408485",1,1,Cabecera,Casa
8466729,1,1,1,Caldas,Viterbo,Central,"129,6698482",1,1,Cabecera,Casa
8466730,1,1,1,Caldas,Viterbo,Central,"215,4801273",1,1,Cabecera,Casa
8466731,1,1,1,Caldas,Neira,Central,"27,40990707",1,1,Centro poblado / Rural disperso,Casa
8466732,1,1,1,Caldas,Neira,Central,"32,21277476",1,1,Centro poblado / Rural disperso,Casa
8466733,1,1,1,Caldas,La Dorada,Central,"101,5086196",1,1,Cabecera,Apartamento
8466734,1,1,1,Caldas,La Dorada,Central,"168,6829327",1,1,Cabecera,Apartamento
8466735,1,1,1,Caldas,La Dorada,Central,"101,5086196",1,1,Cabecera,Apartamento
8466736,1,1,1,Caldas,La Dorada,Central,"140,6894651",1,1,Cabecera,Apartamento
8466737,1,1,1,Caldas,La Dorada,Central,"101,5086196",1,1,Cabecera,Apartamento
8466738,1,1,1,Caldas,La Dorada,Central,"101,5086196",1,1,Cabecera,Apartamento
8466739,1,1,1,Caldas,La Dorada,Central,"101,5086196",1,1,Cabecera,Apartamento
8466740,1,1,1,Caldas,La Dorada,Central,"101,5086196",1,1,Cabecera,Apartamento
8466741,1,1,1,Caldas,La Dorada,Central,"255,6299691",1,1,Cabecera,Apartamento
8466742,1,1,1,Caldas,La Dorada,Central,"140,6894651",1,1,Cabecera,Cuarto(s)
8469048,1,1,1,Caldas,Manizales,Central,"195,1655273",1,1,Cabecera,Apartamento
8469049,1,1,1,Caldas,Manizales,Central,"252,3075083",1,1,Cabecera,Apartamento
8469050,1,1,1,Caldas,Manizales,Central,"248,2600069",1,1,Cabecera,Apartamento
8469056,1,1,1,Caldas,Manizales,Central,"203,6004787",1,1,Cabecera,Casa
8469057,1,1,1,Caldas,Manizales,Central,"268,1464914",1,1,Cabecera,Casa
8469058,1,1,1,Caldas,Manizales,Central,"295,7478278",1,1,Cabecera,Apartamento
8469059,1,1,1,Caldas,Villamaría,Central,"425,0569746",1,1,Cabecera,Casa
8469060,1,1,1,Caldas,Villamaría,Central,"113,6727515",1,1,Cabecera,Casa
8469061,1,1,1,Caldas,Manizales,Central,"378,3530063",1,1,Cabecera,Apartamento
8469062,1,1,1,Caldas,Manizales,Central,"399,0729325",1,1,Cabecera,Casa
8469063,1,1,1,Caldas,Manizales,Central,"590,8969261",1,1,Cabecera,Apartamento
8469064,1,1,1,Caldas,Villamaría,Central,"261,9334109",1,1,Cabecera,Casa
8469065,1,1,1,Caldas,Manizales,Central,"126,8621062",1,1,Cabecera,Casa
8469067,1,1,1,Caldas,Viterbo,Central,"129,6698482",1,1,Cabecera,Casa
8469068,1,1,1,Caldas,Viterbo,Central,"129,6698482",1,1,Cabecera,Casa
8469069,1,1,1,Caldas,Viterbo,Central,"196,3354631",1,1,Cabecera,Casa
8469072,1,1,1,Caldas,Neira,Central,"31,53119491",1,1,Centro poblado / Rural disperso,Casa
8469073,1,1,1,Caldas,Neira,Central,"24,66891636",1,1,Centro poblado / Rural disperso,Casa
8469074,1,1,1,Caldas,Neira,Central,"98,67566544",1,1,Centro poblado / Rural disperso,Casa
8469075,1,1,1,Caldas,Neira,Central,"24,66891636",1,1,Centro poblado / Rural disperso,Casa
8469076,1,1,1,Caldas,Neira,Central,"24,66891636",1,1,Centro poblado / Rural disperso,Apartamento
8469077,1,1,1,Caldas,Neira,Central,"80,73136624",1,1,Centro poblado / Rural disperso,Casa
8469078,1,1,1,Caldas,Neira,Central,"42,32836442",1,1,Centro poblado / Rural disperso,Apartamento
8469080,1,1,1,Caldas,Neira,Central,"118,4623044",1,1,Cabecera,Apartamento
8469081,1,1,1,Caldas,Neira,Central,"252,5451944",1,1,Cabecera,Apartamento
8469082,1,1,1,Caldas,Neira,Central,"159,3350474",1,1,Cabecera,Apartamento
8469083,1,1,1,Caldas,Neira,Central,"75,98917949",1,1,Cabecera,Apartamento
8469084,1,1,1,Caldas,Neira,Central,"75,98917949",1,1,Cabecera,Apartamento
8469085,1,1,1,Caldas,Neira,Central,"193,3497844",1,1,Cabecera,Apartamento
8469086,1,1,1,Caldas,Neira,Central,"89,85588466",1,1,Cabecera,Apartamento
8469087,1,1,1,Caldas,Neira,Central,"173,7934051",1,1,Cabecera,Apartamento
8469088,1,1,1,Caldas,Neira,Central,"74,23391509",1,1,Cabecera,Apartamento
8469089,1,1,1,Caldas,Neira,Central,"103,6644809",1,1,Cabecera,Apartamento
8469090,1,1,1,Caldas,Neira,Central,"91,84211249",1,1,Cabecera,Apartamento
8469091,1,1,1,Caldas,Neira,Central,"74,23391509",1,1,Cabecera,Apartamento
8469092,1,1,1,Caldas,Neira,Central,"62,76508851",1,1,Cabecera,Casa
8469093,1,1,1,Caldas,Neira,Central,"27,40990707",1,1,Centro poblado / Rural disperso,Casa
8469094,1,1,1,Caldas,Neira,Central,"41,96070057",1,1,Centro poblado / Rural disperso,Casa
8469095,1,1,1,Caldas,Neira,Central,"27,40990707",1,1,Centro poblado / Rural disperso,Casa
8469096,1,1,1,Caldas,Neira,Central,"29,88175222",1,1,Centro poblado / Rural disperso,Casa
8469097,1,1,1,Caldas,Neira,Central,"27,40990707",1,1,Centro poblado / Rural disperso,Casa
8469098,1,1,1,Caldas,Neira,Central,"109,6396283",1,1,Centro poblado / Rural disperso,Casa
8469099,1,1,1,Caldas,Neira,Central,"39,82855377",1,1,Centro poblado / Rural disperso,Casa
8469100,1,1,1,Caldas,Neira,Central,"67,95184823",1,1,Cabecera,Apartamento
8469101,1,1,1,Caldas,Neira,Central,"104,3004943",1,1,Cabecera,Apartamento
8469102,1,1,1,Caldas,Neira,Central,"95,03375603",1,1,Cabecera,Casa
8469103,1,1,1,Caldas,Neira,Central,"75,98917949",1,1,Cabecera,Apartamento
8469104,1,1,1,Caldas,Neira,Central,"62,76508851",1,1,Cabecera,Apartamento
8469105,1,1,1,Caldas,Neira,Central,"101,2780073",1,1,Cabecera,Apartamento
8469106,1,1,1,Caldas,Neira,Central,"142,2209635",1,1,Cabecera,Casa
8469107,1,1,1,Caldas,Neira,Central,"161,5773343",1,1,Cabecera,Apartamento
8469108,1,1,1,Caldas,Neira,Central,"255,8134347",1,1,Cabecera,Apartamento
8469109,1,1,1,Caldas,Neira,Central,"190,5766057",1,1,Cabecera,Apartamento
8469112,1,1,1,Caldas,Manizales,Central,"32,15670687",1,1,Centro poblado / Rural disperso,Casa
8469113,1,1,1,Caldas,Manizales,Central,"32,15670687",1,1,Centro poblado / Rural disperso,Casa
8469115,1,1,1,Caldas,Neira,Central,"24,66891636",1,1,Centro poblado / Rural disperso,Casa
8469116,1,1,1,Caldas,Manizales,Central,"32,15670687",1,1,Centro poblado / Rural disperso,Casa
8469117,1,1,1,Caldas,Neira,Central,"40,0590056",1,1,Centro poblado / Rural disperso,Casa
8469118,1,1,1,Caldas,Manizales,Central,"32,15670687",1,1,Centro poblado / Rural disperso,Casa
8469119,1,1,1,Caldas,Neira,Central,"24,66891636",1,1,Centro poblado / Rural disperso,Casa
8469120,1,1,1,Caldas,Neira,Central,"295,3229637",1,1,Cabecera,Apartamento
8469121,1,1,1,Caldas,Manizales,Central,"32,15670687",1,1,Centro poblado / Rural disperso,Casa
8469122,1,1,1,Caldas,Neira,Central,"159,3350474",1,1,Cabecera,Apartamento
8469123,1,1,1,Caldas,Manizales,Central,"32,15670687",1,1,Centro poblado / Rural disperso,Casa
8469124,1,1,1,Caldas,Manizales,Central,"32,15670687",1,1,Centro poblado / Rural disperso,Casa
8469125,1,1,1,Caldas,Neira,Central,"75,98917949",1,1,Cabecera,Apartamento
8469126,1,1,1,Caldas,Manizales,Central,"32,15670687",1,1,Centro poblado / Rural disperso,Casa
8469127,1,1,1,Caldas,Neira,Central,"115,0565914",1,1,Cabecera,Apartamento
8469129,1,1,1,Caldas,Neira,Central,"111,2276632",1,1,Cabecera,Casa
8469130,1,1,1,Caldas,Neira,Central,"49,02782386",1,1,Cabecera,Casa
8469131,1,1,1,Caldas,Neira,Central,"86,99149653",1,1,Cabecera,Casa
8469132,1,1,1,Caldas,Neira,Central,"92,81252508",1,1,Centro poblado / Rural disperso,Casa
8469133,1,1,1,Caldas,Neira,Central,"27,40990707",1,1,Centro poblado / Rural disperso,Casa
8469134,1,1,1,Caldas,Neira,Central,"90,68037827",1,1,Centro poblado / Rural disperso,Casa
8469135,1,1,1,Caldas,Neira,Central,"95,03375603",1,1,Cabecera,Casa
8469136,1,1,1,Caldas,Neira,Central,"161,5773343",1,1,Cabecera,Casa
8469137,1,1,1,Caldas,Neira,Central,"115,1557843",1,1,Cabecera,Apartamento
8469138,1,1,1,Caldas,Neira,Central,"144,3151493",1,1,Cabecera,Apartamento
8469139,1,1,1,Caldas,Neira,Central,"67,95184823",1,1,Cabecera,Casa
8469141,1,1,1,Caldas,La Dorada,Central,"109,6156133",1,1,Centro poblado / Rural disperso,Casa
8469142,1,1,1,Caldas,La Dorada,Central,"27,40390332",1,1,Centro poblado / Rural disperso,Casa
8469143,1,1,1,Caldas,La Dorada,Central,"38,92392856",1,1,Centro poblado / Rural disperso,Casa
8469144,1,1,1,Caldas,La Dorada,Central,"27,40390332",1,1,Centro poblado / Rural disperso,Casa
8469145,1,1,1,Caldas,La Dorada,Central,"27,40390332",1,1,Centro poblado / Rural disperso,Casa
8469146,1,1,1,Caldas,La Dorada,Central,"27,40390332",1,1,Centro poblado / Rural disperso,Casa
8469147,1,1,1,Caldas,La Dorada,Central,"51,81405716",1,1,Centro poblado / Rural disperso,Casa
8469148,1,1,1,Caldas,La Dorada,Central,"27,40390332",1,1,Centro poblado / Rural disperso,Casa
8469149,1,1,1,Caldas,La Dorada,Central,"38,4993803",1,1,Centro poblado / Rural disperso,Casa
8469150,1,1,1,Caldas,La Dorada,Central,"34,3373988",1,1,Centro poblado / Rural disperso,Casa
8469151,1,1,1,Caldas,La Dorada,Central,"90,66051604",1,1,Centro poblado / Rural disperso,Casa
8469152,1,1,1,Caldas,La Dorada,Central,"89,68187021",1,1,Centro poblado / Rural disperso,Casa
8469153,1,1,1,Caldas,La Dorada,Central,"27,40390332",1,1,Centro poblado / Rural disperso,Casa
8469154,1,1,1,Caldas,La Dorada,Central,"61,46962255",1,1,Centro poblado / Rural disperso,Casa
8469155,1,1,1,Caldas,La Dorada,Central,"27,40390332",1,1,Centro poblado / Rural disperso,Casa
8469156,1,1,1,Caldas,La Dorada,Central,"51,81405716",1,1,Centro poblado / Rural disperso,Casa
8469157,1,1,1,Caldas,La Dorada,Central,"27,40390332",1,1,Centro poblado / Rural disperso,Casa
8469158,1,1,1,Caldas,La Dorada,Central,"27,40390332",1,1,Centro poblado / Rural disperso,Casa
8469159,1,1,1,Caldas,La Dorada,Central,"27,40390332",1,1,Centro poblado / Rural disperso,Casa
8469160,1,1,1,Caldas,La Dorada,Central,"52,42090104",1,1,Centro poblado / Rural disperso,Casa
8469161,1,1,1,Caldas,Chinchiná,Central,"49,96765763",1,1,Centro poblado / Rural disperso,Casa
8469162,1,1,1,Caldas,Chinchiná,Central,"18,73153862",1,1,Centro poblado / Rural disperso,Casa
8469163,1,1,1,Caldas,Chinchiná,Central,"30,12730814",1,1,Centro poblado / Rural disperso,Casa
8469164,1,1,1,Caldas,Chinchiná,Central,"18,73153862",1,1,Centro poblado / Rural disperso,Casa
8469165,1,1,1,Caldas,Chinchiná,Central,"18,73153862",1,1,Centro poblado / Rural disperso,Casa
8469166,1,1,1,Caldas,Chinchiná,Central,"18,73153862",1,1,Centro poblado / Rural disperso,Casa
8469167,1,1,1,Caldas,Chinchiná,Central,"18,73153862",1,1,Centro poblado / Rural disperso,Casa
8469168,1,1,1,Caldas,Chinchiná,Central,"18,73153862",1,1,Centro poblado / Rural disperso,Casa
8469169,1,1,1,Caldas,Chinchiná,Central,"74,92615449",1,1,Centro poblado / Rural disperso,Casa
8469170,1,1,1,Caldas,Chinchiná,Central,"74,92615449",1,1,Centro poblado / Rural disperso,Casa
8469171,1,1,1,Caldas,Chinchiná,Central,"74,92615449",1,1,Centro poblado / Rural disperso,Casa
8469172,1,1,1,Caldas,Chinchiná,Central,"63,42675274",1,1,Centro poblado / Rural disperso,Casa
8469173,1,1,1,Caldas,Chinchiná,Central,"50,86334401",1,1,Centro poblado / Rural disperso,Casa
8469174,1,1,1,Caldas,Chinchiná,Central,"20,42076226",1,1,Centro poblado / Rural disperso,Casa
8469175,1,1,1,Caldas,Chinchiná,Central,"18,73153862",1,1,Centro poblado / Rural disperso,Casa
8469176,1,1,1,Caldas,Chinchiná,Central,"43,24010806",1,1,Centro poblado / Rural disperso,Casa
8469177,1,1,1,Caldas,Chinchiná,Central,"18,73153862",1,1,Centro poblado / Rural disperso,Casa
8469178,1,1,1,Caldas,Chinchiná,Central,"74,92615449",1,1,Centro poblado / Rural disperso,Casa
8469179,1,1,1,Caldas,Chinchiná,Central,"35,95228364",1,1,Centro poblado / Rural disperso,Casa
8469180,1,1,1,Caldas,Chinchiná,Central,"64,88383139",1,1,Centro poblado / Rural disperso,Casa
8471040,1,1,1,Caldas,Manizales,Central,"184,5416051",1,1,Cabecera,Casa
8471041,1,1,1,Caldas,Manizales,Central,"152,5247466",1,1,Cabecera,Casa
8471042,1,1,1,Caldas,Manizales,Central,"164,4097937",1,1,Cabecera,Casa
8471043,1,1,1,Caldas,Manizales,Central,"247,9994594",1,1,Cabecera,Casa
8471044,1,1,1,Caldas,Villamaría,Central,"343,5220302",1,1,Cabecera,Casa
8471045,1,1,1,Caldas,Manizales,Central,"151,3241162",1,1,Cabecera,Apartamento
8471046,1,1,1,Caldas,Belalcázar,Central,"179,9937337",1,1,Cabecera,Apartamento
8471047,1,1,1,Caldas,Viterbo,Central,"120,0646742",1,1,Cabecera,Casa
8471048,1,1,1,Caldas,Viterbo,Central,"120,0646742",1,1,Cabecera,Casa
8471049,1,1,1,Caldas,Viterbo,Central,"214,9028458",1,1,Cabecera,Casa
8471050,1,1,1,Caldas,Viterbo,Central,"147,3554974",1,1,Cabecera,Casa
8471051,1,1,1,Caldas,Viterbo,Central,"220,2839517",1,1,Cabecera,Casa
8471052,1,1,1,Caldas,Viterbo,Central,"220,2839517",1,1,Cabecera,Casa
8471053,1,1,1,Caldas,Viterbo,Central,"120,0646742",1,1,Cabecera,Apartamento
8471054,1,1,1,Caldas,Viterbo,Central,"181,7920954",1,1,Cabecera,Casa
8471056,1,1,1,Caldas,Viterbo,Central,"235,6681611",1,1,Cabecera,Casa
8471057,1,1,1,Caldas,Viterbo,Central,"120,0646742",1,1,Cabecera,Casa
8471058,1,1,1,Caldas,Viterbo,Central,"141,7279382",1,1,Cabecera,Casa
8471059,1,1,1,Caldas,Filadelfia,Central,"138,4263498",1,1,Centro poblado / Rural disperso,Casa
8471060,1,1,1,Caldas,Filadelfia,Central,"159,0738994",1,1,Centro poblado / Rural disperso,Casa
8471061,1,1,1,Caldas,Salamina,Central,"124,1479623",1,1,Cabecera,Apartamento
8471062,1,1,1,Caldas,Filadelfia,Central,"184,6165047",1,1,Centro poblado / Rural disperso,Apartamento
8471064,1,1,1,Caldas,Villamaría,Central,"24,07427347",1,1,Centro poblado / Rural disperso,Casa
8471065,1,1,1,Caldas,Villamaría,Central,"96,29709387",1,1,Centro poblado / Rural disperso,Casa
8471066,1,1,1,Caldas,Villamaría,Central,"24,07427347",1,1,Centro poblado / Rural disperso,Casa
8471067,1,1,1,Caldas,Villamaría,Central,"24,07427347",1,1,Centro poblado / Rural disperso,Casa
8471068,1,1,1,Caldas,Villamaría,Central,"24,07427347",1,1,Centro poblado / Rural disperso,Casa
8471069,1,1,1,Caldas,Villamaría,Central,"33,82162749",1,1,Centro poblado / Rural disperso,Casa
8471070,1,1,1,Caldas,Villamaría,Central,"24,07427347",1,1,Centro poblado / Rural disperso,Casa
8471071,1,1,1,Caldas,Villamaría,Central,"52,89581562",1,1,Centro poblado / Rural disperso,Casa
8471072,1,1,1,Caldas,Villamaría,Central,"24,07427347",1,1,Centro poblado / Rural disperso,Casa
8471073,1,1,1,Caldas,Villamaría,Central,"24,07427347",1,1,Centro poblado / Rural disperso,Casa
8476253,1,1,1,Caldas,Manizales,Central,"201,5872162",1,1,Cabecera,Casa
8476254,1,1,1,Caldas,Manizales,Central,"220,2399035",1,1,Cabecera,Casa
8476255,1,1,1,Caldas,Manizales,Central,"267,8736185",1,1,Cabecera,Casa
8476256,1,1,1,Caldas,Manizales,Central,"279,068017",1,1,Cabecera,Apartamento
8476257,1,1,1,Caldas,Manizales,Central,"111,301595",1,1,Cabecera,Apartamento
8476258,1,1,1,Caldas,Manizales,Central,"190,6860118",1,1,Cabecera,Apartamento
8476259,1,1,1,Caldas,Manizales,Central,"373,1398899",1,1,Cabecera,Casa
8476260,1,1,1,Caldas,Viterbo,Central,"199,5186364",1,1,Cabecera,Apartamento
8476261,1,1,1,Caldas,Viterbo,Central,"187,1732013",1,1,Cabecera,Casa
8476262,1,1,1,Caldas,Viterbo,Central,"120,0646742",1,1,Cabecera,Casa
8476263,1,1,1,Caldas,Viterbo,Central,"181,7920954",1,1,Cabecera,Casa
8476264,1,1,1,Caldas,Viterbo,Central,"181,7920954",1,1,Cabecera,Casa
8476265,1,1,1,Caldas,Viterbo,Central,"220,2839517",1,1,Cabecera,Casa
8476266,1,1,1,Caldas,Viterbo,Central,"187,1732013",1,1,Cabecera,Casa
8476267,1,1,1,Caldas,Viterbo,Central,"120,0646742",1,1,Cabecera,Casa
8476268,1,1,1,Caldas,Manizales,Central,"79,58914483",1,1,Centro poblado / Rural disperso,Casa
8476269,1,1,1,Caldas,Manizales,Central,"32,15670687",1,1,Centro poblado / Rural disperso,Casa
8476270,1,1,1,Caldas,Manizales,Central,"32,15670687",1,1,Centro poblado / Rural disperso,Casa
8476271,1,1,1,Caldas,Manizales,Central,"49,22738137",1,1,Centro poblado / Rural disperso,Apartamento
8476272,1,1,1,Caldas,Manizales,Central,"32,15670687",1,1,Centro poblado / Rural disperso,Casa
8476273,1,1,1,Caldas,Manizales,Central,"32,15670687",1,1,Centro poblado / Rural disperso,Casa
8476274,1,1,1,Caldas,Manizales,Central,"32,15670687",1,1,Centro poblado / Rural disperso,Apartamento
8476275,1,1,1,Caldas,Manizales,Central,"32,15670687",1,1,Centro poblado / Rural disperso,Casa
8476276,1,1,1,Caldas,Manizales,Central,"99,08471612",1,1,Centro poblado / Rural disperso,Casa
8476277,1,1,1,Caldas,Manizales,Central,"32,15670687",1,1,Centro poblado / Rural disperso,Casa
8476278,1,1,1,Caldas,La Dorada,Central,"27,40390332",1,1,Centro poblado / Rural disperso,Casa
8476279,1,1,1,Caldas,La Dorada,Central,"27,40390332",1,1,Centro poblado / Rural disperso,Casa
8476280,1,1,1,Caldas,La Dorada,Central,"27,40390332",1,1,Centro poblado / Rural disperso,Casa
8476281,1,1,1,Caldas,La Dorada,Central,"27,40390332",1,1,Centro poblado / Rural disperso,Casa
8476283,1,1,1,Caldas,La Dorada,Central,"27,40390332",1,1,Centro poblado / Rural disperso,Casa
8476284,1,1,1,Caldas,La Dorada,Central,"27,40390332",1,1,Centro poblado / Rural disperso,Casa
8476285,1,1,1,Caldas,La Dorada,Central,"27,40390332",1,1,Centro poblado / Rural disperso,Casa
8476286,1,1,1,Caldas,La Dorada,Central,"27,40390332",1,1,Centro poblado / Rural disperso,Casa
8476287,1,1,1,Caldas,La Dorada,Central,"52,7099585",1,1,Centro poblado / Rural disperso,Casa
8477036,1,1,1,Caldas,Manizales,Central,"151,2909134",1,1,Cabecera,Casa
8477037,1,1,1,Caldas,Manizales,Central,"145,2993112",1,1,Cabecera,Casa
8477038,1,1,1,Caldas,Manizales,Central,"480,4536514",1,1,Cabecera,Apartamento
8477039,1,1,1,Caldas,Manzanares,Central,"52,27308972",1,1,Centro poblado / Rural disperso,Casa
8477848,1,1,1,Caldas,Salamina,Central,"62,98849191",1,1,Centro poblado / Rural disperso,Casa
8477849,1,1,1,Caldas,Salamina,Central,"62,98849191",1,1,Centro poblado / Rural disperso,Casa
8477851,1,1,1,Caldas,Salamina,Central,"62,98849191",1,1,Centro poblado / Rural disperso,Casa
8477852,1,1,1,Caldas,Salamina,Central,"62,98849191",1,1,Centro poblado / Rural disperso,Casa
8477853,1,1,1,Caldas,Salamina,Central,"62,98849191",1,1,Centro poblado / Rural disperso,Casa
8477854,1,1,1,Caldas,Salamina,Central,"62,98849191",1,1,Centro poblado / Rural disperso,Casa
8477855,1,1,1,Caldas,Salamina,Central,"91,5267801",1,1,Centro poblado / Rural disperso,Casa
8477856,1,1,1,Caldas,Salamina,Central,"62,98849191",1,1,Centro poblado / Rural disperso,Casa
8477857,1,1,1,Caldas,Salamina,Central,"251,9539676",1,1,Centro poblado / Rural disperso,Casa
8477858,1,1,1,Caldas,Salamina,Central,"251,9539676",1,1,Centro poblado / Rural disperso,Casa
8477859,1,1,1,Caldas,Salamina,Central,"74,02557394",1,1,Centro poblado / Rural disperso,Casa
8477860,1,1,1,Caldas,Salamina,Central,"62,98849191",1,1,Centro poblado / Rural disperso,Casa
8477862,1,1,1,Caldas,Salamina,Central,"62,98849191",1,1,Centro poblado / Rural disperso,Casa
8477863,1,1,1,Caldas,Salamina,Central,"88,49169683",1,1,Centro poblado / Rural disperso,Casa
8477864,1,1,1,Caldas,Salamina,Central,"91,5267801",1,1,Centro poblado / Rural disperso,Casa
8477865,1,1,1,Caldas,Salamina,Central,"62,98849191",1,1,Centro poblado / Rural disperso,Casa
8477866,1,1,1,Caldas,Salamina,Central,"217,7886392",1,1,Centro poblado / Rural disperso,Casa
8477867,1,1,1,Caldas,Salamina,Central,"119,0957829",1,1,Centro poblado / Rural disperso,Casa
8477868,1,1,1,Caldas,Salamina,Central,"96,42649434",1,1,Centro poblado / Rural disperso,Casa
8477869,1,1,1,Caldas,Salamina,Central,"211,2257124",1,1,Centro poblado / Rural disperso,Casa
8477870,1,1,1,Caldas,Salamina,Central,"62,98849191",1,1,Centro poblado / Rural disperso,Casa
8477871,1,1,1,Caldas,Salamina,Central,"222,9797329",1,1,Centro poblado / Rural disperso,Casa
8477872,1,1,1,Caldas,Salamina,Central,"62,98849191",1,1,Centro poblado / Rural disperso,Casa
8477873,1,1,1,Caldas,Salamina,Central,"138,3978486",1,1,Centro poblado / Rural disperso,Casa
8477874,1,1,1,Caldas,Salamina,Central,"62,98849191",1,1,Centro poblado / Rural disperso,Casa
8477875,1,1,1,Caldas,Salamina,Central,"141,2893185",1,1,Centro poblado / Rural disperso,Casa
8477876,1,1,1,Caldas,Salamina,Central,"211,2257124",1,1,Centro poblado / Rural disperso,Casa
8477877,1,1,1,Caldas,Salamina,Central,"201,2360939",1,1,Centro poblado / Rural disperso,Casa
8477878,1,1,1,Caldas,Salamina,Central,"138,3978486",1,1,Centro poblado / Rural disperso,Casa
8477879,1,1,1,Caldas,Salamina,Central,"95,29102602",1,1,Centro poblado / Rural disperso,Casa
8477880,1,1,1,Caldas,Salamina,Central,"155,1856756",1,1,Centro poblado / Rural disperso,Casa
8477881,1,1,1,Caldas,Salamina,Central,"161,1114825",1,1,Centro poblado / Rural disperso,Casa
8477882,1,1,1,Caldas,Salamina,Central,"263,4064207",1,1,Centro poblado / Rural disperso,Casa
8477883,1,1,1,Caldas,Salamina,Central,"208,2303373",1,1,Centro poblado / Rural disperso,Casa
8477884,1,1,1,Caldas,Salamina,Central,"106,9341588",1,1,Centro poblado / Rural disperso,Casa
8477885,1,1,1,Caldas,Salamina,Central,"248,4120192",1,1,Centro poblado / Rural disperso,Casa
8477886,1,1,1,Caldas,Salamina,Central,"65,85160518",1,1,Centro poblado / Rural disperso,Casa
8477887,1,1,1,Caldas,Salamina,Central,"65,85160518",1,1,Centro poblado / Rural disperso,Casa
8477888,1,1,1,Caldas,Salamina,Central,"215,5056176",1,1,Centro poblado / Rural disperso,Casa
8477889,1,1,1,Caldas,Salamina,Central,"65,85160518",1,1,Centro poblado / Rural disperso,Casa
8477890,1,1,1,Caldas,Salamina,Central,"62,98849191",1,1,Centro poblado / Rural disperso,Casa
8477891,1,1,1,Caldas,Salamina,Central,"62,98849191",1,1,Centro poblado / Rural disperso,Casa
8477892,1,1,1,Caldas,Salamina,Central,"123,7881123",1,1,Centro poblado / Rural disperso,Casa
8477893,1,1,1,Caldas,Salamina,Central,"62,98849191",1,1,Centro poblado / Rural disperso,Casa
8477894,1,1,1,Caldas,Salamina,Central,"68,66883946",1,1,Centro poblado / Rural disperso,Casa
8477895,1,1,1,Caldas,Salamina,Central,"98,29709175",1,1,Centro poblado / Rural disperso,Casa
8477896,1,1,1,Caldas,Salamina,Central,"62,98849191",1,1,Centro poblado / Rural disperso,Casa
8477897,1,1,1,Caldas,Salamina,Central,"62,98849191",1,1,Centro poblado / Rural disperso,Casa
8477898,1,1,1,Caldas,Salamina,Central,"62,98849191",1,1,Centro poblado / Rural disperso,Casa
8477899,1,1,1,Caldas,Salamina,Central,"62,98849191",1,1,Centro poblado / Rural disperso,Casa
8477900,1,1,1,Caldas,Salamina,Central,"65,85160518",1,1,Centro poblado / Rural disperso,Casa
8477901,1,1,1,Caldas,Salamina,Central,"100,8095168",1,1,Centro poblado / Rural disperso,Casa
8477902,1,1,1,Caldas,Salamina,Central,"65,85160518",1,1,Centro poblado / Rural disperso,Apartamento
8477903,1,1,1,Caldas,Salamina,Central,"65,85160518",1,1,Centro poblado / Rural disperso,Cuarto(s)
8477904,1,1,1,Caldas,Salamina,Central,"88,21297294",1,1,Centro poblado / Rural disperso,Casa
8477905,1,1,1,Caldas,Salamina,Central,"65,85160518",1,1,Centro poblado / Rural disperso,Cuarto(s)
8477906,1,1,1,Caldas,Salamina,Central,"65,85160518",1,1,Centro poblado / Rural disperso,Apartamento
8477907,1,1,1,Caldas,Salamina,Central,"111,7138486",1,1,Centro poblado / Rural disperso,Apartamento
8477908,1,1,1,Caldas,Neira,Central,"86,84477656",1,1,Cabecera,Apartamento
8477909,1,1,1,Caldas,Neira,Central,"159,3350474",1,1,Cabecera,Apartamento
8477910,1,1,1,Caldas,Neira,Central,"27,40990707",1,1,Centro poblado / Rural disperso,Casa
8477911,1,1,1,Caldas,Neira,Central,"27,40990707",1,1,Centro poblado / Rural disperso,Casa
8477912,1,1,1,Caldas,Neira,Central,"48,71440174",1,1,Centro poblado / Rural disperso,Casa
8477913,1,1,1,Caldas,Neira,Central,"27,40990707",1,1,Centro poblado / Rural disperso,Casa
8477914,1,1,1,Caldas,Neira,Central,"27,40990707",1,1,Centro poblado / Rural disperso,Casa
8477915,1,1,1,Caldas,Neira,Central,"27,40990707",1,1,Centro poblado / Rural disperso,Casa
8477916,1,1,1,Caldas,Neira,Central,"53,86731053",1,1,Centro poblado / Rural disperso,Casa
8477917,1,1,1,Caldas,Neira,Central,"27,40990707",1,1,Centro poblado / Rural disperso,Casa
8477918,1,1,1,Caldas,Neira,Central,"37,40845189",1,1,Centro poblado / Rural disperso,Casa
8477919,1,1,1,Caldas,Neira,Central,"37,40845189",1,1,Centro poblado / Rural disperso,Casa
8477921,1,1,1,Caldas,Neira,Central,"109,1189438",1,1,Centro poblado / Rural disperso,Casa
8477922,1,1,1,Caldas,Neira,Central,"37,40845189",1,1,Centro poblado / Rural disperso,Apartamento
8477923,1,1,1,Caldas,Neira,Central,"37,40845189",1,1,Centro poblado / Rural disperso,Casa
8477924,1,1,1,Caldas,Neira,Central,"149,6338076",1,1,Centro poblado / Rural disperso,Casa
8477925,1,1,1,Caldas,Manizales,Central,"34,52426867",1,1,Centro poblado / Rural disperso,Casa
8477926,1,1,1,Caldas,Manizales,Central,"34,52426867",1,1,Centro poblado / Rural disperso,Apartamento
8477927,1,1,1,Caldas,Manizales,Central,"27,15128926",1,1,Centro poblado / Rural disperso,Casa
8477928,1,1,1,Caldas,Manizales,Central,"34,70410217",1,1,Centro poblado / Rural disperso,Casa
8477929,1,1,1,Caldas,Manizales,Central,"57,13135952",1,1,Centro poblado / Rural disperso,Casa
8477930,1,1,1,Caldas,Manizales,Central,"59,65661197",1,1,Centro poblado / Rural disperso,Casa
8477931,1,1,1,Caldas,Manizales,Central,"27,15128926",1,1,Centro poblado / Rural disperso,Apartamento
8477932,1,1,1,Caldas,Manizales,Central,"44,09004565",1,1,Centro poblado / Rural disperso,Casa
8477933,1,1,1,Caldas,Manizales,Central,"108,6051571",1,1,Centro poblado / Rural disperso,Apartamento
8477934,1,1,1,Caldas,Manizales,Central,"27,15128926",1,1,Centro poblado / Rural disperso,Casa
8477935,1,1,1,Caldas,Manizales,Central,"36,37110953",1,1,Centro poblado / Rural disperso,Casa
8477936,1,1,1,Caldas,Manizales,Central,"27,15128926",1,1,Centro poblado / Rural disperso,Casa
8477937,1,1,1,Caldas,Manizales,Central,"114,9035753",1,1,Centro poblado / Rural disperso,Casa
8477938,1,1,1,Caldas,Manizales,Central,"28,72589381",1,1,Centro poblado / Rural disperso,Casa
8477939,1,1,1,Caldas,Manizales,Central,"28,72589381",1,1,Centro poblado / Rural disperso,Cuarto(s)
8477940,1,1,1,Caldas,Manizales,Central,"28,72589381",1,1,Centro poblado / Rural disperso,Casa
8477941,1,1,1,Caldas,Manizales,Central,"31,3164156",1,1,Centro poblado / Rural disperso,Casa
8477942,1,1,1,Caldas,Manizales,Central,"28,72589381",1,1,Centro poblado / Rural disperso,Casa
8477943,1,1,1,Caldas,Manizales,Central,"28,72589381",1,1,Centro poblado / Rural disperso,Casa
8477944,1,1,1,Caldas,Manizales,Central,"28,72589381",1,1,Centro poblado / Rural disperso,Casa
8477945,1,1,1,Caldas,Manizales,Central,"28,72589381",1,1,Centro poblado / Rural disperso,Casa
8477946,1,1,1,Caldas,Manizales,Central,"114,9035753",1,1,Centro poblado / Rural disperso,Casa
8477947,1,1,1,Caldas,Manizales,Central,"28,72589381",1,1,Centro poblado / Rural disperso,Casa
8477948,1,1,1,Caldas,Neira,Central,"109,6396283",1,1,Centro poblado / Rural disperso,Casa
8477949,1,1,1,Caldas,Neira,Central,"109,6396283",1,1,Centro poblado / Rural disperso,Casa
8477950,1,1,1,Caldas,Neira,Central,"71,95317847",1,1,Centro poblado / Rural disperso,Casa
8477951,1,1,1,Caldas,Neira,Central,"52,55463789",1,1,Centro poblado / Rural disperso,Casa
8477952,1,1,1,Caldas,Neira,Central,"37,40845189",1,1,Centro poblado / Rural disperso,Casa
8479976,1,1,1,Caldas,Manizales,Central,"316,6271995",1,1,Cabecera,Casa
8479977,1,1,1,Caldas,Manizales,Central,"211,0694609",1,1,Cabecera,Apartamento
8479978,1,1,1,Caldas,Villamaría,Central,"193,7556355",1,1,Cabecera,Casa
8479979,1,1,1,Caldas,Manizales,Central,"352,3078605",1,1,Cabecera,Casa
8479980,1,1,1,Caldas,Manizales,Central,"167,4048381",1,1,Cabecera,Casa
8479981,1,1,1,Caldas,Manizales,Central,"238,2222632",1,1,Cabecera,Casa
8479982,1,1,1,Caldas,Manizales,Central,"243,2417176",1,1,Cabecera,Casa
8479983,1,1,1,Caldas,Manizales,Central,"308,9192044",1,1,Cabecera,Casa
8479984,1,1,1,Caldas,Manizales,Central,"262,7451432",1,1,Cabecera,Casa
8479985,1,1,1,Caldas,Manizales,Central,"130,6436405",1,1,Cabecera,Casa
8479986,1,1,1,Caldas,Manizales,Central,"252,9766327",1,1,Cabecera,Casa
8479987,1,1,1,Caldas,Manizales,Central,"169,6670656",1,1,Cabecera,Casa
8479988,1,1,1,Caldas,Neira,Central,"86,84477656",1,1,Cabecera,Apartamento
8479989,1,1,1,Caldas,Neira,Central,"131,4932473",1,1,Cabecera,Apartamento
8479991,1,1,1,Caldas,Manizales,Central,"32,15670687",1,1,Centro poblado / Rural disperso,Casa
8479992,1,1,1,Caldas,Neira,Central,"170,7993068",1,1,Cabecera,Casa
8479993,1,1,1,Caldas,Neira,Central,"287,7971984",1,1,Cabecera,Apartamento
8479994,1,1,1,Caldas,Manizales,Central,"70,65447853",1,1,Centro poblado / Rural disperso,Casa
8479996,1,1,1,Caldas,Villamaría,Central,"21,90403391",1,1,Centro poblado / Rural disperso,Apartamento
8479997,1,1,1,Caldas,Villamaría,Central,"31,11202959",1,1,Centro poblado / Rural disperso,Apartamento
8479998,1,1,1,Caldas,Villamaría,Central,"21,90403391",1,1,Centro poblado / Rural disperso,Apartamento
8479999,1,1,1,Caldas,Villamaría,Central,"21,90403391",1,1,Centro poblado / Rural disperso,Apartamento
8480000,1,1,1,Caldas,Villamaría,Central,"33,53198557",1,1,Centro poblado / Rural disperso,Apartamento
8480001,1,1,1,Caldas,Villamaría,Central,"87,61613564",1,1,Centro poblado / Rural disperso,Casa
8480002,1,1,1,Caldas,Villamaría,Central,"58,43050532",1,1,Centro poblado / Rural disperso,Casa
8480003,1,1,1,Caldas,Villamaría,Central,"21,90403391",1,1,Centro poblado / Rural disperso,Casa
8480004,1,1,1,Caldas,Villamaría,Central,"37,58421797",1,1,Centro poblado / Rural disperso,Casa
8480005,1,1,1,Caldas,Villamaría,Central,"21,90403391",1,1,Centro poblado / Rural disperso,Casa
8480006,1,1,1,Caldas,Villamaría,Central,"21,90403391",1,1,Centro poblado / Rural disperso,Casa
8480007,1,1,1,Caldas,Villamaría,Central,"21,90403391",1,1,Centro poblado / Rural disperso,Casa
8480008,1,1,1,Caldas,Villamaría,Central,"21,90403391",1,1,Centro poblado / Rural disperso,Casa
8484394,1,1,1,Caldas,Manizales,Central,"232,6925796",1,1,Cabecera,Apartamento
8484395,1,1,1,Caldas,Salamina,Central,"148,4384723",1,1,Centro poblado / Rural disperso,Casa
8484396,1,1,1,Caldas,Neira,Central,"237,829652",1,1,Cabecera,Apartamento
8484397,1,1,1,Caldas,Neira,Central,"149,6338076",1,1,Centro poblado / Rural disperso,Casa
8484398,1,1,1,Caldas,Manizales,Central,"59,27591035",1,1,Centro poblado / Rural disperso,Casa
8484399,1,1,1,Caldas,La Dorada,Central,"98,00832239",1,1,Cabecera,Apartamento
8484401,1,1,1,Caldas,La Dorada,Central,"104,6621855",1,1,Centro poblado / Rural disperso,Casa
8484402,1,1,1,Caldas,La Dorada,Central,"84,45316301",1,1,Centro poblado / Rural disperso,Casa
8484403,1,1,1,Caldas,La Dorada,Central,"25,80617809",1,1,Centro poblado / Rural disperso,Casa
8484404,1,1,1,Caldas,La Dorada,Central,"25,80617809",1,1,Centro poblado / Rural disperso,Casa
8484405,1,1,1,Caldas,La Dorada,Central,"74,11708081",1,1,Centro poblado / Rural disperso,Casa
8484406,1,1,1,Caldas,La Dorada,Central,"25,80617809",1,1,Centro poblado / Rural disperso,Casa
8484407,1,1,1,Caldas,La Dorada,Central,"87,38214783",1,1,Centro poblado / Rural disperso,Apartamento
8484408,1,1,1,Caldas,La Dorada,Central,"28,13339781",1,1,Centro poblado / Rural disperso,Casa
8484409,1,1,1,Caldas,La Dorada,Central,"25,80617809",1,1,Centro poblado / Rural disperso,Casa
8484410,1,1,1,Caldas,La Dorada,Central,"27,73360192",1,1,Centro poblado / Rural disperso,Casa
8484411,1,1,1,Caldas,La Dorada,Central,"60,81475416",1,1,Centro poblado / Rural disperso,Casa
8485288,1,1,1,Caldas,Manizales,Central,"251,6476434",1,1,Cabecera,Apartamento
8485289,1,1,1,Caldas,Viterbo,Central,"214,9028458",1,1,Cabecera,Casa
8485290,1,1,1,Caldas,Filadelfia,Central,"143,3714603",1,1,Centro poblado / Rural disperso,Casa
8485291,1,1,1,Caldas,Manizales,Central,"105,2358702",1,1,Centro poblado / Rural disperso,Casa
8485292,1,1,1,Caldas,Manizales,Central,"119,6936357",2,2,Centro poblado / Rural disperso,Casa
8485293,1,1,1,Caldas,Manizales,Central,"40,29271506",1,1,Centro poblado / Rural disperso,Casa
8486958,1,1,1,Caldas,Salamina,Central,"62,98849191",1,1,Centro poblado / Rural disperso,Casa
8486991,1,1,1,Caldas,La Dorada,Central,"392,0332896",1,1,Cabecera,Apartamento
8487876,1,1,1,Caldas,Chinchiná,Central,"25,56440121",1,1,Centro poblado / Rural disperso,Casa
8487877,1,1,1,Caldas,La Dorada,Central,"151,7688144",1,1,Cabecera,Casa
